month,actual,trend,seasonal,residual
1980-01-01 00:00:00+00:00,0.0,,,
1980-02-01 00:00:00+00:00,0.0,,,
1980-03-01 00:00:00+00:00,0.0,,,
1980-04-01 00:00:00+00:00,0.0,,,
1980-05-01 00:00:00+00:00,0.0,,,
1980-06-01 00:00:00+00:00,0.0,,,
1980-07-01 00:00:00+00:00,3.0,1.5,1.5,1.141304347826087
1980-08-01 00:00:00+00:00,5.0,1.5,3.5,0.7759259259259261
1980-09-01 00:00:00+00:00,5.0,1.5,3.5,-0.2685185185185186
1980-10-01 00:00:00+00:00,2.0,1.5,0.5,-0.712962962962963
1980-11-01 00:00:00+00:00,3.0,1.6666666666666667,1.3333333333333333,1.8537037037037036
1980-12-01 00:00:00+00:00,0.0,1.75,-1.75,-0.5629629629629631
1981-01-01 00:00:00+00:00,0.0,2.0,-2.0,-0.6981481481481482
1981-02-01 00:00:00+00:00,0.0,1.9166666666666667,-1.9166666666666667,-0.5740740740740742
1981-03-01 00:00:00+00:00,0.0,1.9166666666666667,-1.9166666666666667,-0.577777777777778
1981-04-01 00:00:00+00:00,2.0,2.0,0.0,1.224074074074074
1981-05-01 00:00:00+00:00,1.0,1.9166666666666667,-0.9166666666666667,0.0444444444444444
1981-06-01 00:00:00+00:00,3.0,1.8333333333333333,1.1666666666666667,1.3
1981-07-01 00:00:00+00:00,2.0,1.8333333333333333,0.16666666666666674,-0.19202898550724629
1981-08-01 00:00:00+00:00,5.0,1.8333333333333333,3.166666666666667,0.4425925925925931
1981-09-01 00:00:00+00:00,6.0,1.8333333333333333,4.166666666666667,0.39814814814814836
1981-10-01 00:00:00+00:00,1.0,1.8333333333333333,-0.8333333333333333,-2.0462962962962963
1981-11-01 00:00:00+00:00,2.0,1.6666666666666667,0.33333333333333326,0.8537037037037036
1981-12-01 00:00:00+00:00,0.0,1.5833333333333333,-1.5833333333333333,-0.39629629629629637
1982-01-01 00:00:00+00:00,0.0,1.5,-1.5,-0.19814814814814818
1982-02-01 00:00:00+00:00,0.0,1.3333333333333333,-1.3333333333333333,0.0092592592592593
1982-03-01 00:00:00+00:00,0.0,1.0,-1.0,0.3388888888888888
1982-04-01 00:00:00+00:00,0.0,0.9166666666666666,-0.9166666666666666,0.30740740740740746
1982-05-01 00:00:00+00:00,0.0,0.8333333333333334,-0.8333333333333334,0.12777777777777777
1982-06-01 00:00:00+00:00,2.0,0.6666666666666666,1.3333333333333335,1.4666666666666668
1982-07-01 00:00:00+00:00,0.0,0.6666666666666666,-0.6666666666666666,-1.0253623188405796
1982-08-01 00:00:00+00:00,1.0,0.6666666666666666,0.33333333333333337,-2.3907407407407404
1982-09-01 00:00:00+00:00,5.0,0.6666666666666666,4.333333333333333,0.5648148148148144
1982-10-01 00:00:00+00:00,0.0,0.6666666666666666,-0.6666666666666666,-1.8796296296296298
1982-11-01 00:00:00+00:00,0.0,0.6666666666666666,-0.6666666666666666,-0.14629629629629626
1982-12-01 00:00:00+00:00,0.0,0.6666666666666666,-0.6666666666666666,0.5203703703703703
1983-01-01 00:00:00+00:00,0.0,0.5,-0.5,0.8018518518518518
1983-02-01 00:00:00+00:00,0.0,0.6666666666666666,-0.6666666666666666,0.6759259259259259
1983-03-01 00:00:00+00:00,0.0,0.75,-0.75,0.5888888888888888
1983-04-01 00:00:00+00:00,0.0,0.5,-0.5,0.7240740740740741
1983-05-01 00:00:00+00:00,0.0,0.5,-0.5,0.46111111111111114
1983-06-01 00:00:00+00:00,0.0,0.5,-0.5,-0.3666666666666667
1983-07-01 00:00:00+00:00,2.0,0.5,1.5,1.141304347826087
1983-08-01 00:00:00+00:00,2.0,0.5,1.5,-1.2240740740740739
1983-09-01 00:00:00+00:00,2.0,0.5,1.5,-2.2685185185185186
1983-10-01 00:00:00+00:00,0.0,0.5,-0.5,-1.712962962962963
1983-11-01 00:00:00+00:00,0.0,0.5,-0.5,0.020370370370370372
1983-12-01 00:00:00+00:00,0.0,0.5,-0.5,0.6870370370370369
1984-01-01 00:00:00+00:00,0.0,0.6666666666666666,-0.6666666666666666,0.6351851851851852
1984-02-01 00:00:00+00:00,0.0,0.5833333333333334,-0.5833333333333334,0.7592592592592592
1984-03-01 00:00:00+00:00,0.0,0.8333333333333334,-0.8333333333333334,0.5055555555555554
1984-04-01 00:00:00+00:00,0.0,1.25,-1.25,-0.025925925925925908
1984-05-01 00:00:00+00:00,0.0,1.4166666666666667,-1.4166666666666667,-0.4555555555555556
1984-06-01 00:00:00+00:00,2.0,1.5833333333333333,0.41666666666666674,0.55
1984-07-01 00:00:00+00:00,1.0,1.6666666666666667,-0.6666666666666667,-1.0253623188405798
1984-08-01 00:00:00+00:00,5.0,1.6666666666666667,3.333333333333333,0.6092592592592592
1984-09-01 00:00:00+00:00,7.0,1.6666666666666667,5.333333333333333,1.5648148148148144
1984-10-01 00:00:00+00:00,2.0,1.6666666666666667,0.33333333333333326,-0.8796296296296298
1984-11-01 00:00:00+00:00,2.0,1.6666666666666667,0.33333333333333326,0.8537037037037036
1984-12-01 00:00:00+00:00,1.0,1.6666666666666667,-0.6666666666666667,0.5203703703703701
1985-01-01 00:00:00+00:00,0.0,1.5,-1.5,-0.19814814814814818
1985-02-01 00:00:00+00:00,0.0,1.5833333333333333,-1.5833333333333333,-0.2407407407407407
1985-03-01 00:00:00+00:00,0.0,1.4166666666666667,-1.4166666666666667,-0.07777777777777795
1985-04-01 00:00:00+00:00,0.0,1.25,-1.25,-0.025925925925925908
1985-05-01 00:00:00+00:00,0.0,1.25,-1.25,-0.28888888888888886
1985-06-01 00:00:00+00:00,0.0,1.1666666666666667,-1.1666666666666667,-1.0333333333333334
1985-07-01 00:00:00+00:00,2.0,1.1666666666666667,0.8333333333333333,0.47463768115942023
1985-08-01 00:00:00+00:00,3.0,1.1666666666666667,1.8333333333333333,-0.8907407407407406
1985-09-01 00:00:00+00:00,5.0,1.1666666666666667,3.833333333333333,0.06481481481481444
1985-10-01 00:00:00+00:00,2.0,1.1666666666666667,0.8333333333333333,-0.37962962962962976
1985-11-01 00:00:00+00:00,1.0,1.1666666666666667,-0.16666666666666674,0.35370370370370363
1985-12-01 00:00:00+00:00,1.0,1.1666666666666667,-0.16666666666666674,1.0203703703703701
1986-01-01 00:00:00+00:00,0.0,1.3333333333333333,-1.3333333333333333,-0.031481481481481444
1986-02-01 00:00:00+00:00,0.0,1.25,-1.25,0.09259259259259256
1986-03-01 00:00:00+00:00,0.0,1.25,-1.25,0.0888888888888888
1986-04-01 00:00:00+00:00,0.0,1.0833333333333333,-1.0833333333333333,0.14074074074074083
1986-05-01 00:00:00+00:00,0.0,0.9166666666666666,-0.9166666666666666,0.04444444444444451
1986-06-01 00:00:00+00:00,2.0,0.9166666666666666,1.0833333333333335,1.2166666666666668
1986-07-01 00:00:00+00:00,1.0,0.8333333333333334,0.16666666666666663,-0.1920289855072464
1986-08-01 00:00:00+00:00,3.0,0.8333333333333334,2.1666666666666665,-0.5574074074074074
1986-09-01 00:00:00+00:00,3.0,0.8333333333333334,2.1666666666666665,-1.601851851851852
1986-10-01 00:00:00+00:00,0.0,0.8333333333333334,-0.8333333333333334,-2.0462962962962963
1986-11-01 00:00:00+00:00,1.0,0.8333333333333334,0.16666666666666663,0.687037037037037
1986-12-01 00:00:00+00:00,0.0,0.9166666666666666,-0.9166666666666666,0.27037037037037026
1987-01-01 00:00:00+00:00,0.0,0.75,-0.75,0.5518518518518518
1987-02-01 00:00:00+00:00,0.0,0.6666666666666666,-0.6666666666666666,0.6759259259259259
1987-03-01 00:00:00+00:00,0.0,0.8333333333333334,-0.8333333333333334,0.5055555555555554
1987-04-01 00:00:00+00:00,0.0,1.0833333333333333,-1.0833333333333333,0.14074074074074083
1987-05-01 00:00:00+00:00,1.0,1.25,-0.25,0.7111111111111111
1987-06-01 00:00:00+00:00,0.0,1.1666666666666667,-1.1666666666666667,-1.0333333333333334
1987-07-01 00:00:00+00:00,0.0,1.1666666666666667,-1.1666666666666667,-1.5253623188405798
1987-08-01 00:00:00+00:00,5.0,1.1666666666666667,3.833333333333333,1.1092592592592592
1987-09-01 00:00:00+00:00,6.0,1.1666666666666667,4.833333333333333,1.0648148148148144
1987-10-01 00:00:00+00:00,2.0,1.1666666666666667,0.8333333333333333,-0.37962962962962976
1987-11-01 00:00:00+00:00,0.0,1.1666666666666667,-1.1666666666666667,-0.6462962962962964
1987-12-01 00:00:00+00:00,0.0,1.1666666666666667,-1.1666666666666667,0.02037037037037015
1988-01-01 00:00:00+00:00,0.0,1.1666666666666667,-1.1666666666666667,0.13518518518518507
1988-02-01 00:00:00+00:00,0.0,1.1666666666666667,-1.1666666666666667,0.17592592592592582
1988-03-01 00:00:00+00:00,0.0,1.3333333333333333,-1.3333333333333333,0.005555555555555536
1988-04-01 00:00:00+00:00,0.0,1.5,-1.5,-0.2759259259259259
1988-05-01 00:00:00+00:00,1.0,1.5,-0.5,0.46111111111111114
1988-06-01 00:00:00+00:00,0.0,1.5833333333333333,-1.5833333333333333,-1.45
1988-07-01 00:00:00+00:00,0.0,1.5833333333333333,-1.5833333333333333,-1.9420289855072463
1988-08-01 00:00:00+00:00,7.0,1.5833333333333333,5.416666666666667,2.692592592592593
1988-09-01 00:00:00+00:00,8.0,1.5833333333333333,6.416666666666667,2.6481481481481484
1988-10-01 00:00:00+00:00,2.0,1.5833333333333333,0.41666666666666674,-0.7962962962962963
1988-11-01 00:00:00+00:00,1.0,1.5833333333333333,-0.5833333333333333,-0.06296296296296289
1988-12-01 00:00:00+00:00,0.0,1.5,-1.5,-0.3129629629629631
1989-01-01 00:00:00+00:00,0.0,1.6666666666666667,-1.6666666666666667,-0.3648148148148149
1989-02-01 00:00:00+00:00,0.0,1.9166666666666667,-1.9166666666666667,-0.5740740740740742
1989-03-01 00:00:00+00:00,0.0,1.75,-1.75,-0.4111111111111112
1989-04-01 00:00:00+00:00,0.0,1.25,-1.25,-0.025925925925925908
1989-05-01 00:00:00+00:00,0.0,1.25,-1.25,-0.28888888888888886
1989-06-01 00:00:00+00:00,2.0,1.25,0.75,0.8833333333333333
1989-07-01 00:00:00+00:00,3.0,1.25,1.75,1.391304347826087
1989-08-01 00:00:00+00:00,5.0,1.25,3.75,1.0259259259259261
1989-09-01 00:00:00+00:00,2.0,1.25,0.75,-3.0185185185185186
1989-10-01 00:00:00+00:00,2.0,1.25,0.75,-0.462962962962963
1989-11-01 00:00:00+00:00,1.0,1.25,-0.25,0.27037037037037037
1989-12-01 00:00:00+00:00,0.0,1.3333333333333333,-1.3333333333333333,-0.14629629629629637
1990-01-01 00:00:00+00:00,0.0,1.1666666666666667,-1.1666666666666667,0.13518518518518507
1990-02-01 00:00:00+00:00,0.0,1.1666666666666667,-1.1666666666666667,0.17592592592592582
1990-03-01 00:00:00+00:00,0.0,1.1666666666666667,-1.1666666666666667,0.17222222222222205
1990-04-01 00:00:00+00:00,0.0,1.25,-1.25,-0.025925925925925908
1990-05-01 00:00:00+00:00,1.0,1.4166666666666667,-0.41666666666666674,0.5444444444444444
1990-06-01 00:00:00+00:00,0.0,1.3333333333333333,-1.3333333333333333,-1.2
1990-07-01 00:00:00+00:00,3.0,1.3333333333333333,1.6666666666666667,1.3079710144927537
1990-08-01 00:00:00+00:00,5.0,1.3333333333333333,3.666666666666667,0.9425925925925931
1990-09-01 00:00:00+00:00,3.0,1.3333333333333333,1.6666666666666667,-2.101851851851852
1990-10-01 00:00:00+00:00,4.0,1.3333333333333333,2.666666666666667,1.453703703703704
1990-11-01 00:00:00+00:00,0.0,1.3333333333333333,-1.3333333333333333,-0.8129629629629629
1990-12-01 00:00:00+00:00,0.0,1.25,-1.25,-0.06296296296296311
1991-01-01 00:00:00+00:00,0.0,1.25,-1.25,0.051851851851851816
1991-02-01 00:00:00+00:00,0.0,1.1666666666666667,-1.1666666666666667,0.17592592592592582
1991-03-01 00:00:00+00:00,0.0,1.0,-1.0,0.3388888888888888
1991-04-01 00:00:00+00:00,0.0,1.0,-1.0,0.2240740740740741
1991-05-01 00:00:00+00:00,0.0,1.0,-1.0,-0.03888888888888886
1991-06-01 00:00:00+00:00,0.0,1.0,-1.0,-0.8666666666666667
1991-07-01 00:00:00+00:00,2.0,1.0,1.0,0.6413043478260869
1991-08-01 00:00:00+00:00,3.0,1.0,2.0,-0.7240740740740739
1991-09-01 00:00:00+00:00,3.0,1.0,2.0,-1.7685185185185186
1991-10-01 00:00:00+00:00,4.0,1.0,3.0,1.787037037037037
1991-11-01 00:00:00+00:00,0.0,1.0833333333333333,-1.0833333333333333,-0.5629629629629629
1991-12-01 00:00:00+00:00,0.0,1.0833333333333333,-1.0833333333333333,0.10370370370370363
1992-01-01 00:00:00+00:00,0.0,1.1666666666666667,-1.1666666666666667,0.13518518518518507
1992-02-01 00:00:00+00:00,0.0,1.0833333333333333,-1.0833333333333333,0.2592592592592593
1992-03-01 00:00:00+00:00,0.0,0.9166666666666666,-0.9166666666666666,0.42222222222222217
1992-04-01 00:00:00+00:00,1.0,1.0833333333333333,-0.08333333333333326,1.1407407407407408
1992-05-01 00:00:00+00:00,0.0,0.8333333333333334,-0.8333333333333334,0.12777777777777777
1992-06-01 00:00:00+00:00,1.0,0.8333333333333334,0.16666666666666663,0.29999999999999993
1992-07-01 00:00:00+00:00,1.0,0.8333333333333334,0.16666666666666663,-0.1920289855072464
1992-08-01 00:00:00+00:00,1.0,0.8333333333333334,0.16666666666666663,-2.5574074074074074
1992-09-01 00:00:00+00:00,5.0,0.8333333333333334,4.166666666666667,0.39814814814814836
1992-10-01 00:00:00+00:00,1.0,0.8333333333333334,0.16666666666666663,-1.0462962962962963
1992-11-01 00:00:00+00:00,0.0,0.75,-0.75,-0.22962962962962963
1992-12-01 00:00:00+00:00,0.0,0.8333333333333334,-0.8333333333333334,0.3537037037037035
1993-01-01 00:00:00+00:00,0.0,0.8333333333333334,-0.8333333333333334,0.46851851851851845
1993-02-01 00:00:00+00:00,0.0,0.75,-0.75,0.5925925925925926
1993-03-01 00:00:00+00:00,0.0,1.0,-1.0,0.3388888888888888
1993-04-01 00:00:00+00:00,0.0,0.9166666666666666,-0.9166666666666666,0.30740740740740746
1993-05-01 00:00:00+00:00,1.0,0.8333333333333334,0.16666666666666663,1.1277777777777778
1993-06-01 00:00:00+00:00,1.0,0.8333333333333334,0.16666666666666663,0.29999999999999993
1993-07-01 00:00:00+00:00,0.0,0.8333333333333334,-0.8333333333333334,-1.1920289855072463
1993-08-01 00:00:00+00:00,4.0,0.8333333333333334,3.1666666666666665,0.44259259259259265
1993-09-01 00:00:00+00:00,4.0,0.8333333333333334,3.1666666666666665,-0.6018518518518521
1993-10-01 00:00:00+00:00,0.0,0.8333333333333334,-0.8333333333333334,-2.0462962962962963
1993-11-01 00:00:00+00:00,0.0,0.8333333333333334,-0.8333333333333334,-0.312962962962963
1993-12-01 00:00:00+00:00,0.0,0.75,-0.75,0.4370370370370369
1994-01-01 00:00:00+00:00,0.0,0.75,-0.75,0.5518518518518518
1994-02-01 00:00:00+00:00,0.0,0.8333333333333334,-0.8333333333333334,0.5092592592592592
1994-03-01 00:00:00+00:00,0.0,0.75,-0.75,0.5888888888888888
1994-04-01 00:00:00+00:00,0.0,0.8333333333333334,-0.8333333333333334,0.3907407407407407
1994-05-01 00:00:00+00:00,0.0,0.8333333333333334,-0.8333333333333334,0.12777777777777777
1994-06-01 00:00:00+00:00,1.0,1.0,0.0,0.13333333333333333
1994-07-01 00:00:00+00:00,1.0,1.0,0.0,-0.358695652173913
1994-08-01 00:00:00+00:00,3.0,1.0,2.0,-0.7240740740740739
1994-09-01 00:00:00+00:00,5.0,1.0,4.0,0.2314814814814814
1994-10-01 00:00:00+00:00,0.0,1.0,-1.0,-2.212962962962963
1994-11-01 00:00:00+00:00,2.0,1.0,1.0,1.5203703703703704
1994-12-01 00:00:00+00:00,0.0,1.0,-1.0,0.1870370370370369
1995-01-01 00:00:00+00:00,0.0,1.0,-1.0,0.3018518518518518
1995-02-01 00:00:00+00:00,0.0,1.25,-1.25,0.09259259259259256
1995-03-01 00:00:00+00:00,0.0,1.6666666666666667,-1.6666666666666667,-0.32777777777777795
1995-04-01 00:00:00+00:00,0.0,1.5833333333333333,-1.5833333333333333,-0.35925925925925917
1995-05-01 00:00:00+00:00,0.0,1.9166666666666667,-1.9166666666666667,-0.9555555555555556
1995-06-01 00:00:00+00:00,1.0,1.75,-0.75,-0.6166666666666667
1995-07-01 00:00:00+00:00,4.0,1.75,2.25,1.891304347826087
1995-08-01 00:00:00+00:00,8.0,1.75,6.25,3.525925925925926
1995-09-01 00:00:00+00:00,4.0,1.75,2.25,-1.5185185185185186
1995-10-01 00:00:00+00:00,4.0,1.75,2.25,1.037037037037037
1995-11-01 00:00:00+00:00,0.0,1.75,-1.75,-1.2296296296296296
1995-12-01 00:00:00+00:00,0.0,1.75,-1.75,-0.5629629629629631
1996-01-01 00:00:00+00:00,0.0,1.75,-1.75,-0.4481481481481482
1996-02-01 00:00:00+00:00,0.0,1.5833333333333333,-1.5833333333333333,-0.2407407407407407
1996-03-01 00:00:00+00:00,0.0,1.25,-1.25,0.0888888888888888
1996-04-01 00:00:00+00:00,0.0,1.0833333333333333,-1.0833333333333333,0.14074074074074083
1996-05-01 00:00:00+00:00,0.0,1.0,-1.0,-0.03888888888888886
1996-06-01 00:00:00+00:00,1.0,1.0833333333333333,-0.08333333333333326,0.05000000000000007
1996-07-01 00:00:00+00:00,2.0,1.0833333333333333,0.9166666666666667,0.5579710144927537
1996-08-01 00:00:00+00:00,4.0,1.0833333333333333,2.916666666666667,0.1925925925925931
1996-09-01 00:00:00+00:00,2.0,1.0833333333333333,0.9166666666666667,-2.851851851851852
1996-10-01 00:00:00+00:00,3.0,1.0833333333333333,1.9166666666666667,0.7037037037037037
1996-11-01 00:00:00+00:00,1.0,1.0833333333333333,-0.08333333333333326,0.4370370370370371
1996-12-01 00:00:00+00:00,0.0,1.0833333333333333,-1.0833333333333333,0.10370370370370363
1997-01-01 00:00:00+00:00,0.0,1.1666666666666667,-1.1666666666666667,0.13518518518518507
1997-02-01 00:00:00+00:00,0.0,1.3333333333333333,-1.3333333333333333,0.0092592592592593
1997-03-01 00:00:00+00:00,0.0,1.0,-1.0,0.3388888888888888
1997-04-01 00:00:00+00:00,0.0,0.9166666666666666,-0.9166666666666666,0.30740740740740746
1997-05-01 00:00:00+00:00,0.0,0.8333333333333334,-0.8333333333333334,0.12777777777777777
1997-06-01 00:00:00+00:00,2.0,0.75,1.25,1.3833333333333333
1997-07-01 00:00:00+00:00,4.0,0.75,3.25,2.891304347826087
1997-08-01 00:00:00+00:00,0.0,0.75,-0.75,-3.474074074074074
1997-09-01 00:00:00+00:00,1.0,0.75,0.25,-3.5185185185185186
1997-10-01 00:00:00+00:00,2.0,0.75,1.25,0.03703703703703698
1997-11-01 00:00:00+00:00,0.0,0.75,-0.75,-0.22962962962962963
1997-12-01 00:00:00+00:00,0.0,0.75,-0.75,0.4370370370370369
1998-01-01 00:00:00+00:00,0.0,0.5833333333333334,-0.5833333333333334,0.7185185185185184
1998-02-01 00:00:00+00:00,0.0,0.3333333333333333,-0.3333333333333333,1.0092592592592593
1998-03-01 00:00:00+00:00,0.0,0.6666666666666666,-0.6666666666666666,0.6722222222222222
1998-04-01 00:00:00+00:00,0.0,1.0833333333333333,-1.0833333333333333,0.14074074074074083
1998-05-01 00:00:00+00:00,0.0,1.0833333333333333,-1.0833333333333333,-0.12222222222222212
1998-06-01 00:00:00+00:00,0.0,1.1666666666666667,-1.1666666666666667,-1.0333333333333334
1998-07-01 00:00:00+00:00,1.0,1.1666666666666667,-0.16666666666666674,-0.5253623188405798
1998-08-01 00:00:00+00:00,4.0,1.1666666666666667,2.833333333333333,0.10925925925925917
1998-09-01 00:00:00+00:00,6.0,1.1666666666666667,4.833333333333333,1.0648148148148144
1998-10-01 00:00:00+00:00,2.0,1.1666666666666667,0.8333333333333333,-0.37962962962962976
1998-11-01 00:00:00+00:00,1.0,1.1666666666666667,-0.16666666666666674,0.35370370370370363
1998-12-01 00:00:00+00:00,0.0,1.1666666666666667,-1.1666666666666667,0.02037037037037015
1999-01-01 00:00:00+00:00,0.0,1.25,-1.25,0.051851851851851816
1999-02-01 00:00:00+00:00,0.0,1.25,-1.25,0.09259259259259256
1999-03-01 00:00:00+00:00,0.0,1.25,-1.25,0.0888888888888888
1999-04-01 00:00:00+00:00,0.0,1.0833333333333333,-1.0833333333333333,0.14074074074074083
1999-05-01 00:00:00+00:00,0.0,1.3333333333333333,-1.3333333333333333,-0.3722222222222221
1999-06-01 00:00:00+00:00,1.0,1.3333333333333333,-0.33333333333333326,-0.19999999999999993
1999-07-01 00:00:00+00:00,1.0,1.3333333333333333,-0.33333333333333326,-0.6920289855072463
1999-08-01 00:00:00+00:00,4.0,1.3333333333333333,2.666666666666667,-0.05740740740740691
1999-09-01 00:00:00+00:00,4.0,1.3333333333333333,2.666666666666667,-1.1018518518518516
1999-10-01 00:00:00+00:00,5.0,1.3333333333333333,3.666666666666667,2.453703703703704
1999-11-01 00:00:00+00:00,1.0,1.3333333333333333,-0.33333333333333326,0.1870370370370371
1999-12-01 00:00:00+00:00,0.0,1.3333333333333333,-1.3333333333333333,-0.14629629629629637
2000-01-01 00:00:00+00:00,0.0,1.4166666666666667,-1.4166666666666667,-0.11481481481481493
2000-02-01 00:00:00+00:00,0.0,1.3333333333333333,-1.3333333333333333,0.0092592592592593
2000-03-01 00:00:00+00:00,0.0,1.4166666666666667,-1.4166666666666667,-0.07777777777777795
2000-04-01 00:00:00+00:00,0.0,1.75,-1.75,-0.5259259259259259
2000-05-01 00:00:00+00:00,0.0,1.6666666666666667,-1.6666666666666667,-0.7055555555555556
2000-06-01 00:00:00+00:00,2.0,1.5833333333333333,0.41666666666666674,0.55
2000-07-01 00:00:00+00:00,0.0,1.5833333333333333,-1.5833333333333333,-1.9420289855072463
2000-08-01 00:00:00+00:00,5.0,1.5833333333333333,3.416666666666667,0.6925925925925931
2000-09-01 00:00:00+00:00,8.0,1.5833333333333333,6.416666666666667,2.6481481481481484
2000-10-01 00:00:00+00:00,4.0,1.5833333333333333,2.416666666666667,1.203703703703704
2000-11-01 00:00:00+00:00,0.0,1.5833333333333333,-1.5833333333333333,-1.0629629629629629
2000-12-01 00:00:00+00:00,0.0,1.5833333333333333,-1.5833333333333333,-0.39629629629629637
2001-01-01 00:00:00+00:00,0.0,1.5,-1.5,-0.19814814814814818
2001-02-01 00:00:00+00:00,0.0,1.5833333333333333,-1.5833333333333333,-0.2407407407407407
2001-03-01 00:00:00+00:00,0.0,1.4166666666666667,-1.4166666666666667,-0.07777777777777795
2001-04-01 00:00:00+00:00,0.0,1.1666666666666667,-1.1666666666666667,0.05740740740740735
2001-05-01 00:00:00+00:00,0.0,1.25,-1.25,-0.28888888888888886
2001-06-01 00:00:00+00:00,1.0,1.4166666666666667,-0.41666666666666674,-0.28333333333333344
2001-07-01 00:00:00+00:00,1.0,1.4166666666666667,-0.41666666666666674,-0.7753623188405798
2001-08-01 00:00:00+00:00,3.0,1.4166666666666667,1.5833333333333333,-1.1407407407407406
2001-09-01 00:00:00+00:00,5.0,1.4166666666666667,3.583333333333333,-0.18518518518518556
2001-10-01 00:00:00+00:00,5.0,1.4166666666666667,3.583333333333333,2.3703703703703702
2001-11-01 00:00:00+00:00,2.0,1.4166666666666667,0.5833333333333333,1.1037037037037036
2001-12-01 00:00:00+00:00,0.0,1.4166666666666667,-1.4166666666666667,-0.22962962962962985
2002-01-01 00:00:00+00:00,0.0,1.3333333333333333,-1.3333333333333333,-0.031481481481481444
2002-02-01 00:00:00+00:00,0.0,1.3333333333333333,-1.3333333333333333,0.0092592592592593
2002-03-01 00:00:00+00:00,0.0,1.3333333333333333,-1.3333333333333333,0.005555555555555536
2002-04-01 00:00:00+00:00,0.0,1.6666666666666667,-1.6666666666666667,-0.44259259259259265
2002-05-01 00:00:00+00:00,0.0,1.3333333333333333,-1.3333333333333333,-0.3722222222222221
2002-06-01 00:00:00+00:00,0.0,1.1666666666666667,-1.1666666666666667,-1.0333333333333334
2002-07-01 00:00:00+00:00,1.0,1.1666666666666667,-0.16666666666666674,-0.5253623188405798
2002-08-01 00:00:00+00:00,3.0,1.1666666666666667,1.8333333333333333,-0.8907407407407406
2002-09-01 00:00:00+00:00,9.0,1.1666666666666667,7.833333333333333,4.064814814814815
2002-10-01 00:00:00+00:00,1.0,1.1666666666666667,-0.16666666666666674,-1.3796296296296298
2002-11-01 00:00:00+00:00,0.0,1.25,-1.25,-0.7296296296296296
2002-12-01 00:00:00+00:00,0.0,1.25,-1.25,-0.06296296296296311
2003-01-01 00:00:00+00:00,0.0,1.4166666666666667,-1.4166666666666667,-0.11481481481481493
2003-02-01 00:00:00+00:00,0.0,1.6666666666666667,-1.6666666666666667,-0.3240740740740742
2003-03-01 00:00:00+00:00,0.0,1.75,-1.75,-0.4111111111111112
2003-04-01 00:00:00+00:00,1.0,1.4166666666666667,-0.41666666666666674,0.8074074074074074
2003-05-01 00:00:00+00:00,0.0,1.5833333333333333,-1.5833333333333333,-0.6222222222222221
2003-06-01 00:00:00+00:00,2.0,1.5833333333333333,0.41666666666666674,0.55
2003-07-01 00:00:00+00:00,4.0,1.75,2.25,1.891304347826087
2003-08-01 00:00:00+00:00,4.0,1.75,2.25,-0.47407407407407387
2003-09-01 00:00:00+00:00,5.0,1.75,3.25,-0.5185185185185186
2003-10-01 00:00:00+00:00,3.0,1.75,1.25,0.03703703703703698
2003-11-01 00:00:00+00:00,0.0,1.6666666666666667,-1.6666666666666667,-1.1462962962962964
2003-12-01 00:00:00+00:00,2.0,1.6666666666666667,0.33333333333333326,1.5203703703703701
2004-01-01 00:00:00+00:00,0.0,1.5,-1.5,-0.19814814814814818
2004-02-01 00:00:00+00:00,0.0,1.25,-1.25,0.09259259259259256
2004-03-01 00:00:00+00:00,0.0,1.5,-1.5,-0.1611111111111112
2004-04-01 00:00:00+00:00,0.0,1.5,-1.5,-0.2759259259259259
2004-05-01 00:00:00+00:00,0.0,1.4166666666666667,-1.4166666666666667,-0.4555555555555556
2004-06-01 00:00:00+00:00,0.0,1.5,-1.5,-1.3666666666666667
2004-07-01 00:00:00+00:00,1.0,1.3333333333333333,-0.33333333333333326,-0.6920289855072463
2004-08-01 00:00:00+00:00,7.0,1.3333333333333333,5.666666666666667,2.942592592592593
2004-09-01 00:00:00+00:00,5.0,1.3333333333333333,3.666666666666667,-0.10185185185185164
2004-10-01 00:00:00+00:00,2.0,1.3333333333333333,0.6666666666666667,-0.5462962962962963
2004-11-01 00:00:00+00:00,1.0,1.3333333333333333,-0.33333333333333326,0.1870370370370371
2004-12-01 00:00:00+00:00,0.0,1.3333333333333333,-1.3333333333333333,-0.14629629629629637
2005-01-01 00:00:00+00:00,0.0,1.5,-1.5,-0.19814814814814818
2005-02-01 00:00:00+00:00,0.0,1.8333333333333333,-1.8333333333333333,-0.4907407407407407
2005-03-01 00:00:00+00:00,0.0,1.75,-1.75,-0.4111111111111112
2005-04-01 00:00:00+00:00,0.0,1.8333333333333333,-1.8333333333333333,-0.6092592592592592
2005-05-01 00:00:00+00:00,0.0,2.3333333333333335,-2.3333333333333335,-1.3722222222222222
2005-06-01 00:00:00+00:00,2.0,2.5,-0.5,-0.3666666666666667
2005-07-01 00:00:00+00:00,5.0,2.5833333333333335,2.4166666666666665,2.0579710144927534
2005-08-01 00:00:00+00:00,6.0,2.5833333333333335,3.4166666666666665,0.6925925925925926
2005-09-01 00:00:00+00:00,6.0,2.5833333333333335,3.4166666666666665,-0.3518518518518521
2005-10-01 00:00:00+00:00,8.0,2.5833333333333335,5.416666666666666,4.203703703703703
2005-11-01 00:00:00+00:00,3.0,2.5833333333333335,0.4166666666666665,0.9370370370370369
2005-12-01 00:00:00+00:00,1.0,2.5833333333333335,-1.5833333333333335,-0.3962962962962966
2006-01-01 00:00:00+00:00,0.0,2.5,-2.5,-1.1981481481481482
2006-02-01 00:00:00+00:00,0.0,2.25,-2.25,-0.9074074074074074
2006-03-01 00:00:00+00:00,0.0,2.0,-2.0,-0.6611111111111112
2006-04-01 00:00:00+00:00,0.0,1.8333333333333333,-1.8333333333333333,-0.6092592592592592
2006-05-01 00:00:00+00:00,0.0,1.1666666666666667,-1.1666666666666667,-0.2055555555555556
2006-06-01 00:00:00+00:00,1.0,0.9166666666666666,0.08333333333333337,0.2166666666666667
2006-07-01 00:00:00+00:00,2.0,0.8333333333333334,1.1666666666666665,0.8079710144927534
2006-08-01 00:00:00+00:00,3.0,0.8333333333333334,2.1666666666666665,-0.5574074074074074
2006-09-01 00:00:00+00:00,4.0,0.8333333333333334,3.1666666666666665,-0.6018518518518521
2006-10-01 00:00:00+00:00,0.0,0.8333333333333334,-0.8333333333333334,-2.0462962962962963
2006-11-01 00:00:00+00:00,0.0,0.8333333333333334,-0.8333333333333334,-0.312962962962963
2006-12-01 00:00:00+00:00,0.0,0.9166666666666666,-0.9166666666666666,0.27037037037037026
2007-01-01 00:00:00+00:00,0.0,0.9166666666666666,-0.9166666666666666,0.3851851851851852
2007-02-01 00:00:00+00:00,0.0,0.8333333333333334,-0.8333333333333334,0.5092592592592592
2007-03-01 00:00:00+00:00,0.0,0.8333333333333334,-0.8333333333333334,0.5055555555555554
2007-04-01 00:00:00+00:00,0.0,1.1666666666666667,-1.1666666666666667,0.05740740740740735
2007-05-01 00:00:00+00:00,1.0,1.3333333333333333,-0.33333333333333326,0.6277777777777779
2007-06-01 00:00:00+00:00,1.0,1.3333333333333333,-0.33333333333333326,-0.19999999999999993
2007-07-01 00:00:00+00:00,1.0,1.4166666666666667,-0.41666666666666674,-0.7753623188405798
2007-08-01 00:00:00+00:00,3.0,1.4166666666666667,1.5833333333333333,-1.1407407407407406
2007-09-01 00:00:00+00:00,8.0,1.4166666666666667,6.583333333333333,2.8148148148148144
2007-10-01 00:00:00+00:00,2.0,1.4166666666666667,0.5833333333333333,-0.6296296296296298
2007-11-01 00:00:00+00:00,0.0,1.4166666666666667,-1.4166666666666667,-0.8962962962962964
2007-12-01 00:00:00+00:00,1.0,1.4166666666666667,-0.41666666666666674,0.7703703703703701
2008-01-01 00:00:00+00:00,0.0,1.3333333333333333,-1.3333333333333333,-0.031481481481481444
2008-02-01 00:00:00+00:00,0.0,1.5,-1.5,-0.15740740740740744
2008-03-01 00:00:00+00:00,0.0,1.5833333333333333,-1.5833333333333333,-0.24444444444444446
2008-04-01 00:00:00+00:00,0.0,1.25,-1.25,-0.025925925925925908
2008-05-01 00:00:00+00:00,1.0,1.4166666666666667,-0.41666666666666674,0.5444444444444444
2008-06-01 00:00:00+00:00,0.0,1.5,-1.5,-1.3666666666666667
2008-07-01 00:00:00+00:00,3.0,1.4166666666666667,1.5833333333333333,1.2246376811594202
2008-08-01 00:00:00+00:00,4.0,1.4166666666666667,2.583333333333333,-0.14074074074074083
2008-09-01 00:00:00+00:00,4.0,1.4166666666666667,2.583333333333333,-1.1851851851851856
2008-10-01 00:00:00+00:00,4.0,1.4166666666666667,2.583333333333333,1.37037037037037
2008-11-01 00:00:00+00:00,1.0,1.4166666666666667,-0.41666666666666674,0.10370370370370363
2008-12-01 00:00:00+00:00,0.0,1.4166666666666667,-1.4166666666666667,-0.22962962962962985
2009-01-01 00:00:00+00:00,0.0,1.4166666666666667,-1.4166666666666667,-0.11481481481481493
2009-02-01 00:00:00+00:00,0.0,1.1666666666666667,-1.1666666666666667,0.17592592592592582
2009-03-01 00:00:00+00:00,0.0,1.1666666666666667,-1.1666666666666667,0.17222222222222205
2009-04-01 00:00:00+00:00,0.0,1.0833333333333333,-1.0833333333333333,0.14074074074074083
2009-05-01 00:00:00+00:00,1.0,0.9166666666666666,0.08333333333333337,1.0444444444444445
2009-06-01 00:00:00+00:00,0.0,0.9166666666666666,-0.9166666666666666,-0.7833333333333333
2009-07-01 00:00:00+00:00,0.0,0.9166666666666666,-0.9166666666666666,-1.2753623188405796
2009-08-01 00:00:00+00:00,4.0,0.9166666666666666,3.0833333333333335,0.3592592592592596
2009-09-01 00:00:00+00:00,3.0,0.9166666666666666,2.0833333333333335,-1.6851851851851851
2009-10-01 00:00:00+00:00,2.0,0.9166666666666666,1.0833333333333335,-0.12962962962962954
2009-11-01 00:00:00+00:00,1.0,0.9166666666666666,0.08333333333333337,0.6037037037037037
2009-12-01 00:00:00+00:00,0.0,0.8333333333333334,-0.8333333333333334,0.3537037037037035
2010-01-01 00:00:00+00:00,0.0,0.9166666666666666,-0.9166666666666666,0.3851851851851852
2010-02-01 00:00:00+00:00,0.0,1.0833333333333333,-1.0833333333333333,0.2592592592592593
2010-03-01 00:00:00+00:00,0.0,1.1666666666666667,-1.1666666666666667,0.17222222222222205
2010-04-01 00:00:00+00:00,0.0,1.5833333333333333,-1.5833333333333333,-0.35925925925925917
2010-05-01 00:00:00+00:00,0.0,1.8333333333333333,-1.8333333333333333,-0.8722222222222221
2010-06-01 00:00:00+00:00,1.0,1.75,-0.75,-0.6166666666666667
2010-07-01 00:00:00+00:00,2.0,1.75,0.25,-0.10869565217391303
2010-08-01 00:00:00+00:00,5.0,1.75,3.25,0.5259259259259261
2010-09-01 00:00:00+00:00,8.0,1.75,6.25,2.4814814814814814
2010-10-01 00:00:00+00:00,5.0,1.75,3.25,2.037037037037037
2010-11-01 00:00:00+00:00,0.0,1.75,-1.75,-1.2296296296296296
2010-12-01 00:00:00+00:00,0.0,1.75,-1.75,-0.5629629629629631
2011-01-01 00:00:00+00:00,0.0,1.75,-1.75,-0.4481481481481482
2011-02-01 00:00:00+00:00,0.0,1.8333333333333333,-1.8333333333333333,-0.4907407407407407
2011-03-01 00:00:00+00:00,0.0,2.0833333333333335,-2.0833333333333335,-0.7444444444444447
2011-04-01 00:00:00+00:00,0.0,1.9166666666666667,-1.9166666666666667,-0.6925925925925926
2011-05-01 00:00:00+00:00,0.0,1.5833333333333333,-1.5833333333333333,-0.6222222222222221
2011-06-01 00:00:00+00:00,1.0,1.6666666666666667,-0.6666666666666667,-0.5333333333333334
2011-07-01 00:00:00+00:00,3.0,1.6666666666666667,1.3333333333333333,0.9746376811594202
2011-08-01 00:00:00+00:00,8.0,1.6666666666666667,6.333333333333333,3.609259259259259
2011-09-01 00:00:00+00:00,6.0,1.6666666666666667,4.333333333333333,0.5648148148148144
2011-10-01 00:00:00+00:00,1.0,1.6666666666666667,-0.6666666666666667,-1.8796296296296298
2011-11-01 00:00:00+00:00,1.0,1.6666666666666667,-0.6666666666666667,-0.14629629629629637
2011-12-01 00:00:00+00:00,0.0,1.8333333333333333,-1.8333333333333333,-0.6462962962962964
2012-01-01 00:00:00+00:00,0.0,1.9166666666666667,-1.9166666666666667,-0.6148148148148149
2012-02-01 00:00:00+00:00,0.0,1.6666666666666667,-1.6666666666666667,-0.3240740740740742
2012-03-01 00:00:00+00:00,0.0,1.6666666666666667,-1.6666666666666667,-0.32777777777777795
2012-04-01 00:00:00+00:00,0.0,1.3333333333333333,-1.3333333333333333,-0.10925925925925917
2012-05-01 00:00:00+00:00,2.0,1.6666666666666667,0.33333333333333326,1.2944444444444443
2012-06-01 00:00:00+00:00,2.0,1.5833333333333333,0.41666666666666674,0.55
2012-07-01 00:00:00+00:00,0.0,1.5833333333333333,-1.5833333333333333,-1.9420289855072463
2012-08-01 00:00:00+00:00,8.0,1.5833333333333333,6.416666666666667,3.692592592592593
2012-09-01 00:00:00+00:00,2.0,1.5833333333333333,0.41666666666666674,-3.351851851851852
2012-10-01 00:00:00+00:00,5.0,1.5833333333333333,3.416666666666667,2.203703703703704
2012-11-01 00:00:00+00:00,0.0,1.5833333333333333,-1.5833333333333333,-1.0629629629629629
2012-12-01 00:00:00+00:00,0.0,1.4166666666666667,-1.4166666666666667,-0.22962962962962985
2013-01-01 00:00:00+00:00,0.0,1.4166666666666667,-1.4166666666666667,-0.11481481481481493
2013-02-01 00:00:00+00:00,0.0,1.5833333333333333,-1.5833333333333333,-0.2407407407407407
2013-03-01 00:00:00+00:00,0.0,1.0833333333333333,-1.0833333333333333,0.25555555555555554
2013-04-01 00:00:00+00:00,0.0,1.3333333333333333,-1.3333333333333333,-0.10925925925925917
2013-05-01 00:00:00+00:00,0.0,1.0833333333333333,-1.0833333333333333,-0.12222222222222212
2013-06-01 00:00:00+00:00,2.0,1.1666666666666667,0.8333333333333333,0.9666666666666666
2013-07-01 00:00:00+00:00,2.0,1.25,0.75,0.391304347826087
2013-08-01 00:00:00+00:00,2.0,1.25,0.75,-1.9740740740740739
2013-09-01 00:00:00+00:00,5.0,1.25,3.75,-0.0185185185185186
2013-10-01 00:00:00+00:00,2.0,1.25,0.75,-0.462962962962963
2013-11-01 00:00:00+00:00,1.0,1.25,-0.25,0.27037037037037037
2013-12-01 00:00:00+00:00,1.0,1.25,-0.25,0.9370370370370369
2014-01-01 00:00:00+00:00,0.0,1.0833333333333333,-1.0833333333333333,0.21851851851851856
2014-02-01 00:00:00+00:00,0.0,1.0833333333333333,-1.0833333333333333,0.2592592592592593
2014-03-01 00:00:00+00:00,0.0,1.0833333333333333,-1.0833333333333333,0.25555555555555554
2014-04-01 00:00:00+00:00,0.0,0.8333333333333334,-0.8333333333333334,0.3907407407407407
2014-05-01 00:00:00+00:00,0.0,0.9166666666666666,-0.9166666666666666,0.04444444444444451
2014-06-01 00:00:00+00:00,0.0,0.8333333333333334,-0.8333333333333334,-0.7000000000000001
2014-07-01 00:00:00+00:00,2.0,0.75,1.25,0.8913043478260869
2014-08-01 00:00:00+00:00,2.0,0.75,1.25,-1.4740740740740739
2014-09-01 00:00:00+00:00,2.0,0.75,1.25,-2.5185185185185186
2014-10-01 00:00:00+00:00,3.0,0.75,2.25,1.037037037037037
2014-11-01 00:00:00+00:00,0.0,0.75,-0.75,-0.22962962962962963
2014-12-01 00:00:00+00:00,0.0,0.8333333333333334,-0.8333333333333334,0.3537037037037035
2015-01-01 00:00:00+00:00,0.0,0.9166666666666666,-0.9166666666666666,0.3851851851851852
2015-02-01 00:00:00+00:00,0.0,0.8333333333333334,-0.8333333333333334,0.5092592592592592
2015-03-01 00:00:00+00:00,0.0,0.9166666666666666,-0.9166666666666666,0.42222222222222217
2015-04-01 00:00:00+00:00,0.0,1.1666666666666667,-1.1666666666666667,0.05740740740740735
2015-05-01 00:00:00+00:00,1.0,0.9166666666666666,0.08333333333333337,1.0444444444444445
2015-06-01 00:00:00+00:00,1.0,1.0,0.0,0.13333333333333333
2015-07-01 00:00:00+00:00,1.0,1.0,0.0,-0.358695652173913
2015-08-01 00:00:00+00:00,3.0,1.0833333333333333,1.9166666666666667,-0.8074074074074071
2015-09-01 00:00:00+00:00,5.0,1.0833333333333333,3.916666666666667,0.14814814814814836
2015-10-01 00:00:00+00:00,0.0,1.0833333333333333,-1.0833333333333333,-2.2962962962962963
2015-11-01 00:00:00+00:00,1.0,1.0833333333333333,-0.08333333333333326,0.4370370370370371
2015-12-01 00:00:00+00:00,0.0,1.0833333333333333,-1.0833333333333333,0.10370370370370363
2016-01-01 00:00:00+00:00,1.0,1.1666666666666667,-0.16666666666666674,1.135185185185185
2016-02-01 00:00:00+00:00,0.0,1.0833333333333333,-1.0833333333333333,0.2592592592592593
2016-03-01 00:00:00+00:00,0.0,1.25,-1.25,0.0888888888888888
2016-04-01 00:00:00+00:00,0.0,1.25,-1.25,-0.025925925925925908
2016-05-01 00:00:00+00:00,1.0,1.3333333333333333,-0.33333333333333326,0.6277777777777779
2016-06-01 00:00:00+00:00,2.0,1.3333333333333333,0.6666666666666667,0.8
2016-07-01 00:00:00+00:00,0.0,1.3333333333333333,-1.3333333333333333,-1.6920289855072463
2016-08-01 00:00:00+00:00,5.0,1.25,3.75,1.0259259259259261
2016-09-01 00:00:00+00:00,5.0,1.25,3.75,-0.0185185185185186
2016-10-01 00:00:00+00:00,1.0,1.25,-0.25,-1.462962962962963
2016-11-01 00:00:00+00:00,1.0,1.3333333333333333,-0.33333333333333326,0.1870370370370371
2016-12-01 00:00:00+00:00,0.0,1.25,-1.25,-0.06296296296296311
2017-01-01 00:00:00+00:00,0.0,1.25,-1.25,0.051851851851851816
2017-02-01 00:00:00+00:00,0.0,1.5,-1.5,-0.15740740740740744
2017-03-01 00:00:00+00:00,0.0,1.4166666666666667,-1.4166666666666667,-0.07777777777777795
2017-04-01 00:00:00+00:00,1.0,1.3333333333333333,-0.33333333333333326,0.8907407407407408
2017-05-01 00:00:00+00:00,0.0,1.5,-1.5,-0.5388888888888889
2017-06-01 00:00:00+00:00,2.0,1.5,0.5,0.6333333333333333
2017-07-01 00:00:00+00:00,3.0,1.5,1.5,1.141304347826087
2017-08-01 00:00:00+00:00,4.0,1.5,2.5,-0.22407407407407387
2017-09-01 00:00:00+00:00,4.0,1.5,2.5,-1.2685185185185186
2017-10-01 00:00:00+00:00,3.0,1.5,1.5,0.287037037037037
2017-11-01 00:00:00+00:00,1.0,1.4166666666666667,-0.41666666666666674,0.10370370370370363
2017-12-01 00:00:00+00:00,0.0,1.5,-1.5,-0.3129629629629631
2018-01-01 00:00:00+00:00,0.0,1.3333333333333333,-1.3333333333333333,-0.031481481481481444
2018-02-01 00:00:00+00:00,0.0,1.25,-1.25,0.09259259259259256
2018-03-01 00:00:00+00:00,0.0,1.1666666666666667,-1.1666666666666667,0.17222222222222205
2018-04-01 00:00:00+00:00,0.0,1.4166666666666667,-1.4166666666666667,-0.19259259259259265
2018-05-01 00:00:00+00:00,1.0,1.4166666666666667,-0.41666666666666674,0.5444444444444444
2018-06-01 00:00:00+00:00,0.0,1.3333333333333333,-1.3333333333333333,-1.2
2018-07-01 00:00:00+00:00,2.0,1.3333333333333333,0.6666666666666667,0.3079710144927537
2018-08-01 00:00:00+00:00,3.0,1.3333333333333333,1.6666666666666667,-1.0574074074074071
2018-09-01 00:00:00+00:00,7.0,1.3333333333333333,5.666666666666667,1.8981481481481484
2018-10-01 00:00:00+00:00,3.0,1.3333333333333333,1.6666666666666667,0.4537037037037037
2018-11-01 00:00:00+00:00,0.0,1.3333333333333333,-1.3333333333333333,-0.8129629629629629
2018-12-01 00:00:00+00:00,0.0,1.3333333333333333,-1.3333333333333333,-0.14629629629629637
2019-01-01 00:00:00+00:00,0.0,1.3333333333333333,-1.3333333333333333,-0.031481481481481444
2019-02-01 00:00:00+00:00,0.0,1.3333333333333333,-1.3333333333333333,0.0092592592592593
2019-03-01 00:00:00+00:00,0.0,1.3333333333333333,-1.3333333333333333,0.005555555555555536
2019-04-01 00:00:00+00:00,0.0,1.3333333333333333,-1.3333333333333333,-0.10925925925925917
2019-05-01 00:00:00+00:00,1.0,1.5833333333333333,-0.5833333333333333,0.3777777777777779
2019-06-01 00:00:00+00:00,0.0,1.6666666666666667,-1.6666666666666667,-1.5333333333333334
2019-07-01 00:00:00+00:00,2.0,1.6666666666666667,0.33333333333333326,-0.025362318840579767
2019-08-01 00:00:00+00:00,3.0,1.6666666666666667,1.3333333333333333,-1.3907407407407406
2019-09-01 00:00:00+00:00,7.0,1.6666666666666667,5.333333333333333,1.5648148148148144
2019-10-01 00:00:00+00:00,6.0,1.6666666666666667,4.333333333333333,3.1203703703703702
2019-11-01 00:00:00+00:00,1.0,1.6666666666666667,-0.6666666666666667,-0.14629629629629637
2019-12-01 00:00:00+00:00,0.0,1.75,-1.75,-0.5629629629629631
2020-01-01 00:00:00+00:00,0.0,1.9166666666666667,-1.9166666666666667,-0.6148148148148149
2020-02-01 00:00:00+00:00,0.0,2.25,-2.25,-0.9074074074074074
2020-03-01 00:00:00+00:00,0.0,2.4166666666666665,-2.4166666666666665,-1.0777777777777777
2020-04-01 00:00:00+00:00,0.0,2.5833333333333335,-2.5833333333333335,-1.3592592592592594
2020-05-01 00:00:00+00:00,2.0,2.5,-0.5,0.46111111111111114
2020-06-01 00:00:00+00:00,2.0,2.5833333333333335,-0.5833333333333335,-0.4500000000000002
2020-07-01 00:00:00+00:00,6.0,2.5833333333333335,3.4166666666666665,3.0579710144927534
2020-08-01 00:00:00+00:00,5.0,2.5833333333333335,2.4166666666666665,-0.30740740740740735
2020-09-01 00:00:00+00:00,9.0,2.5833333333333335,6.416666666666666,2.6481481481481475
2020-10-01 00:00:00+00:00,5.0,2.5833333333333335,2.4166666666666665,1.2037037037037035
2020-11-01 00:00:00+00:00,2.0,2.5833333333333335,-0.5833333333333335,-0.06296296296296311
2020-12-01 00:00:00+00:00,0.0,2.5,-2.5,-1.312962962962963
2021-01-01 00:00:00+00:00,0.0,2.6666666666666665,-2.6666666666666665,-1.3648148148148147
2021-02-01 00:00:00+00:00,0.0,2.1666666666666665,-2.1666666666666665,-0.824074074074074
2021-03-01 00:00:00+00:00,0.0,2.3333333333333335,-2.3333333333333335,-0.9944444444444447
2021-04-01 00:00:00+00:00,0.0,2.25,-2.25,-1.025925925925926
2021-05-01 00:00:00+00:00,1.0,1.9166666666666667,-0.9166666666666667,0.0444444444444444
2021-06-01 00:00:00+00:00,4.0,1.75,2.25,2.3833333333333333
2021-07-01 00:00:00+00:00,0.0,1.75,-1.75,-2.108695652173913
2021-08-01 00:00:00+00:00,7.0,1.75,5.25,2.525925925925926
2021-09-01 00:00:00+00:00,8.0,1.75,6.25,2.4814814814814814
2021-10-01 00:00:00+00:00,1.0,1.75,-0.75,-1.962962962962963
2021-11-01 00:00:00+00:00,0.0,1.75,-1.75,-1.2296296296296296
2021-12-01 00:00:00+00:00,0.0,1.6666666666666667,-1.6666666666666667,-0.47962962962962985
2022-01-01 00:00:00+00:00,0.0,1.4166666666666667,-1.4166666666666667,-0.11481481481481493
2022-02-01 00:00:00+00:00,0.0,1.5833333333333333,-1.5833333333333333,-0.2407407407407407
2022-03-01 00:00:00+00:00,0.0,1.0,-1.0,0.3388888888888888
2022-04-01 00:00:00+00:00,0.0,0.9166666666666666,-0.9166666666666666,0.30740740740740746
2022-05-01 00:00:00+00:00,0.0,1.1666666666666667,-1.1666666666666667,-0.2055555555555556
2022-06-01 00:00:00+00:00,1.0,1.3333333333333333,-0.33333333333333326,-0.19999999999999993
2022-07-01 00:00:00+00:00,2.0,1.3333333333333333,0.6666666666666667,0.3079710144927537
2022-08-01 00:00:00+00:00,0.0,1.4166666666666667,-1.4166666666666667,-4.140740740740741
2022-09-01 00:00:00+00:00,7.0,1.4166666666666667,5.583333333333333,1.8148148148148144
2022-10-01 00:00:00+00:00,4.0,1.4166666666666667,2.583333333333333,1.37037037037037
2022-11-01 00:00:00+00:00,2.0,1.4166666666666667,0.5833333333333333,1.1037037037037036
2022-12-01 00:00:00+00:00,0.0,1.4166666666666667,-1.4166666666666667,-0.22962962962962985
2023-01-01 00:00:00+00:00,1.0,1.5833333333333333,-0.5833333333333333,0.7185185185185186
2023-02-01 00:00:00+00:00,0.0,1.5,-1.5,-0.15740740740740744
2023-03-01 00:00:00+00:00,0.0,2.0833333333333335,-2.0833333333333335,-0.7444444444444447
2023-04-01 00:00:00+00:00,0.0,2.0,-2.0,-0.7759259259259259
2023-05-01 00:00:00+00:00,0.0,1.9166666666666667,-1.9166666666666667,-0.9555555555555556
2023-06-01 00:00:00+00:00,3.0,1.75,1.25,1.3833333333333333
2023-07-01 00:00:00+00:00,1.0,1.75,-0.75,-1.108695652173913
2023-08-01 00:00:00+00:00,7.0,1.6666666666666667,5.333333333333333,2.609259259259259
2023-09-01 00:00:00+00:00,6.0,1.6666666666666667,4.333333333333333,0.5648148148148144
2023-10-01 00:00:00+00:00,3.0,1.6666666666666667,1.3333333333333333,0.12037037037037024
2023-11-01 00:00:00+00:00,0.0,1.6666666666666667,-1.6666666666666667,-1.1462962962962964
2023-12-01 00:00:00+00:00,0.0,1.6666666666666667,-1.6666666666666667,-0.47962962962962985
2024-01-01 00:00:00+00:00,0.0,1.6666666666666667,-1.6666666666666667,-0.3648148148148149
2024-02-01 00:00:00+00:00,0.0,1.5833333333333333,-1.5833333333333333,-0.2407407407407407
2024-03-01 00:00:00+00:00,0.0,1.1666666666666667,-1.1666666666666667,0.17222222222222205
2024-04-01 00:00:00+00:00,0.0,1.1666666666666667,-1.1666666666666667,0.05740740740740735
2024-05-01 00:00:00+00:00,0.0,1.25,-1.25,-0.28888888888888886
2024-06-01 00:00:00+00:00,3.0,1.5,1.5,1.6333333333333333
2024-07-01 00:00:00+00:00,0.0,1.5,-1.5,-1.858695652173913
2024-08-01 00:00:00+00:00,2.0,1.5,0.5,-2.224074074074074
2024-09-01 00:00:00+00:00,6.0,1.5,4.5,0.7314814814814814
2024-10-01 00:00:00+00:00,4.0,1.5,2.5,1.287037037037037
2024-11-01 00:00:00+00:00,3.0,1.5,1.5,2.0203703703703706
2024-12-01 00:00:00+00:00,0.0,1.5,-1.5,-0.3129629629629631
2025-01-01 00:00:00+00:00,0.0,1.4166666666666667,-1.4166666666666667,-0.11481481481481493
2025-02-01 00:00:00+00:00,0.0,1.5,-1.5,-0.15740740740740744
2025-03-01 00:00:00+00:00,0.0,1.5833333333333333,-1.5833333333333333,-0.24444444444444446
2025-04-01 00:00:00+00:00,0.0,1.3333333333333333,-1.3333333333333333,-0.10925925925925917
2025-05-01 00:00:00+00:00,0.0,1.3333333333333333,-1.3333333333333333,-0.3722222222222221
2025-06-01 00:00:00+00:00,2.0,1.0833333333333333,0.9166666666666667,1.05
2025-07-01 00:00:00+00:00,1.0,1.0833333333333333,-0.08333333333333326,-0.4420289855072463
2025-08-01 00:00:00+00:00,3.0,,,
2025-09-01 00:00:00+00:00,3.0,,,
2025-10-01 00:00:00+00:00,4.0,,,
2025-11-01 00:00:00+00:00,0.0,,,
2025-12-01 00:00:00+00:00,0.0,,,
