month,actual,forecast,residual,model,split
2016-01-01 00:00:00+00:00,1.0,0.06686006125221011,0.9331399387477899,prophet,validation
2016-02-01 00:00:00+00:00,0.0,0.055221917565612566,-0.055221917565612566,prophet,validation
2016-03-01 00:00:00+00:00,0.0,0.07802392479323284,-0.07802392479323284,prophet,validation
2016-04-01 00:00:00+00:00,0.0,0.1634082983990237,-0.1634082983990237,prophet,validation
2016-05-01 00:00:00+00:00,1.0,0.3801858318035489,0.6198141681964511,prophet,validation
2016-06-01 00:00:00+00:00,2.0,1.0390575595872424,0.9609424404127576,prophet,validation
2016-07-01 00:00:00+00:00,0.0,1.805554135962637,-1.805554135962637,prophet,validation
2016-08-01 00:00:00+00:00,5.0,4.155414411071615,0.8445855889283846,prophet,validation
2016-09-01 00:00:00+00:00,5.0,4.808796097591955,0.19120390240804497,prophet,validation
2016-10-01 00:00:00+00:00,1.0,2.359903728357326,-1.359903728357326,prophet,validation
2016-11-01 00:00:00+00:00,1.0,0.7893062946673916,0.21069370533260845,prophet,validation
2016-12-01 00:00:00+00:00,0.0,0.21714331248088503,-0.21714331248088503,prophet,validation
2017-01-01 00:00:00+00:00,0.0,0.09166452898731303,-0.09166452898731303,prophet,validation
2017-02-01 00:00:00+00:00,0.0,0.03977789477257154,-0.03977789477257154,prophet,validation
2017-03-01 00:00:00+00:00,0.0,0.06489707484192775,-0.06489707484192775,prophet,validation
2017-04-01 00:00:00+00:00,1.0,0.1475805097330205,0.8524194902669795,prophet,validation
2017-05-01 00:00:00+00:00,0.0,0.3820321557831826,-0.3820321557831826,prophet,validation
2017-06-01 00:00:00+00:00,2.0,1.0392309936489528,0.9607690063510472,prophet,validation
2017-07-01 00:00:00+00:00,3.0,1.7326093405124277,1.2673906594875723,prophet,validation
2017-08-01 00:00:00+00:00,4.0,4.188390742575828,-0.18839074257582844,prophet,validation
2017-09-01 00:00:00+00:00,4.0,4.844125172447267,-0.8441251724472671,prophet,validation
2017-10-01 00:00:00+00:00,3.0,2.3584613958198792,0.6415386041801208,prophet,validation
2017-11-01 00:00:00+00:00,1.0,0.8547698466796032,0.1452301533203968,prophet,validation
2017-12-01 00:00:00+00:00,0.0,0.2483902432654006,-0.2483902432654006,prophet,validation
2018-01-01 00:00:00+00:00,0.0,0.1296852790117311,-0.1296852790117311,prophet,validation
2018-02-01 00:00:00+00:00,0.0,0.06777615014680771,-0.06777615014680771,prophet,validation
2018-03-01 00:00:00+00:00,0.0,0.10441448438855905,-0.10441448438855905,prophet,validation
2018-04-01 00:00:00+00:00,0.0,0.19996252311284768,-0.19996252311284768,prophet,validation
2018-05-01 00:00:00+00:00,1.0,0.408581067031872,0.591418932968128,prophet,validation
2018-06-01 00:00:00+00:00,0.0,1.0962382586282402,-1.0962382586282402,prophet,validation
2018-07-01 00:00:00+00:00,2.0,1.754553118267845,0.2454468817321549,prophet,validation
2018-08-01 00:00:00+00:00,3.0,4.136279581042291,-1.1362795810422908,prophet,validation
2018-09-01 00:00:00+00:00,7.0,4.783643490682784,2.216356509317216,prophet,validation
2018-10-01 00:00:00+00:00,3.0,2.4088363647523963,0.5911636352476037,prophet,validation
2018-11-01 00:00:00+00:00,0.0,0.8688744345875068,-0.8688744345875068,prophet,validation
2018-12-01 00:00:00+00:00,0.0,0.26675171919039564,-0.26675171919039564,prophet,validation
2019-01-01 00:00:00+00:00,0.0,0.11695924208605635,-0.11695924208605635,prophet,validation
2019-02-01 00:00:00+00:00,0.0,0.07616461347524561,-0.07616461347524561,prophet,validation
2019-03-01 00:00:00+00:00,0.0,0.08734345656399944,-0.08734345656399944,prophet,validation
2019-04-01 00:00:00+00:00,0.0,0.20449250646732775,-0.20449250646732775,prophet,validation
2019-05-01 00:00:00+00:00,1.0,0.4088699352524202,0.5911300647475798,prophet,validation
2019-06-01 00:00:00+00:00,0.0,1.0661498038190702,-1.0661498038190702,prophet,validation
2019-07-01 00:00:00+00:00,2.0,1.7484843171478706,0.25151568285212944,prophet,validation
2019-08-01 00:00:00+00:00,3.0,4.098356702252181,-1.0983567022521807,prophet,validation
2019-09-01 00:00:00+00:00,7.0,4.860832055811898,2.1391679441881024,prophet,validation
2019-10-01 00:00:00+00:00,6.0,2.457714928031976,3.542285071968024,prophet,validation
2019-11-01 00:00:00+00:00,1.0,0.898908284335619,0.10109171566438102,prophet,validation
2019-12-01 00:00:00+00:00,0.0,0.316470849496544,-0.316470849496544,prophet,validation
2020-01-01 00:00:00+00:00,0.0,0.16523192727385316,-0.16523192727385316,prophet,test
2020-02-01 00:00:00+00:00,0.0,0.13482389075716483,-0.13482389075716483,prophet,test
2020-03-01 00:00:00+00:00,0.0,0.13775552109036848,-0.13775552109036848,prophet,test
2020-04-01 00:00:00+00:00,0.0,0.25391050174186613,-0.25391050174186613,prophet,test
2020-05-01 00:00:00+00:00,2.0,0.4822947091199392,1.5177052908800608,prophet,test
2020-06-01 00:00:00+00:00,2.0,1.1350280044471441,0.8649719955528559,prophet,test
2020-07-01 00:00:00+00:00,6.0,1.8666983645344781,4.133301635465521,prophet,test
2020-08-01 00:00:00+00:00,5.0,4.267194954937503,0.7328050450624968,prophet,test
2020-09-01 00:00:00+00:00,9.0,5.02279413798861,3.97720586201139,prophet,test
2020-10-01 00:00:00+00:00,5.0,2.6450576978509517,2.3549423021490483,prophet,test
2020-11-01 00:00:00+00:00,2.0,0.972487448860635,1.027512551139365,prophet,test
2020-12-01 00:00:00+00:00,0.0,0.42665301057117566,-0.42665301057117566,prophet,test
2021-01-01 00:00:00+00:00,0.0,0.2666490519565732,-0.2666490519565732,prophet,test
2021-02-01 00:00:00+00:00,0.0,0.26514096493476313,-0.26514096493476313,prophet,test
2021-03-01 00:00:00+00:00,0.0,0.23741583491263185,-0.23741583491263185,prophet,test
2021-04-01 00:00:00+00:00,0.0,0.3827164836302559,-0.3827164836302559,prophet,test
2021-05-01 00:00:00+00:00,1.0,0.6216579987556539,0.37834200124434614,prophet,test
2021-06-01 00:00:00+00:00,4.0,1.25403016291487,2.7459698370851298,prophet,test
2021-07-01 00:00:00+00:00,0.0,2.0810119335619186,-2.0810119335619186,prophet,test
2021-08-01 00:00:00+00:00,7.0,4.343062765722645,2.656937234277355,prophet,test
2021-09-01 00:00:00+00:00,8.0,5.239246917347826,2.7607530826521742,prophet,test
2021-10-01 00:00:00+00:00,1.0,2.8730690292381516,-1.8730690292381516,prophet,test
2021-11-01 00:00:00+00:00,0.0,1.069860945148877,-1.069860945148877,prophet,test
2021-12-01 00:00:00+00:00,0.0,0.46434637771842113,-0.46434637771842113,prophet,test
2022-01-01 00:00:00+00:00,0.0,0.3032379948733641,-0.3032379948733641,prophet,test
2022-02-01 00:00:00+00:00,0.0,0.28889393793462315,-0.28889393793462315,prophet,test
2022-03-01 00:00:00+00:00,0.0,0.2720687306883862,-0.2720687306883862,prophet,test
2022-04-01 00:00:00+00:00,0.0,0.40082741690169543,-0.40082741690169543,prophet,test
2022-05-01 00:00:00+00:00,0.0,0.6695200512059751,-0.6695200512059751,prophet,test
2022-06-01 00:00:00+00:00,1.0,1.3411206426878923,-0.34112064268789233,prophet,test
2022-07-01 00:00:00+00:00,2.0,2.0011743021023065,-0.0011743021023065126,prophet,test
2022-08-01 00:00:00+00:00,0.0,4.389532387775807,-4.389532387775807,prophet,test
2022-09-01 00:00:00+00:00,7.0,5.244371320673075,1.7556286793269251,prophet,test
2022-10-01 00:00:00+00:00,4.0,2.7419517930583037,1.2580482069416963,prophet,test
2022-11-01 00:00:00+00:00,2.0,0.9912092403459463,1.0087907596540537,prophet,test
2022-12-01 00:00:00+00:00,0.0,0.42822480831564924,-0.42822480831564924,prophet,test
2023-01-01 00:00:00+00:00,1.0,0.2660955195733812,0.7339044804266188,prophet,test
2023-02-01 00:00:00+00:00,0.0,0.2786079220019,-0.2786079220019,prophet,test
2023-03-01 00:00:00+00:00,0.0,0.24390062463223194,-0.24390062463223194,prophet,test
2023-04-01 00:00:00+00:00,0.0,0.39882096611371765,-0.39882096611371765,prophet,test
2023-05-01 00:00:00+00:00,0.0,0.624464461862913,-0.624464461862913,prophet,test
2023-06-01 00:00:00+00:00,3.0,1.3360043074275114,1.6639956925724886,prophet,test
2023-07-01 00:00:00+00:00,1.0,1.9936863765431072,-0.9936863765431072,prophet,test
2023-08-01 00:00:00+00:00,7.0,4.27455322975397,2.7254467702460303,prophet,test
2023-09-01 00:00:00+00:00,6.0,5.381044130331193,0.6189558696688069,prophet,test
2023-10-01 00:00:00+00:00,3.0,2.8425860404564487,0.1574139595435513,prophet,test
2023-11-01 00:00:00+00:00,0.0,1.0912635550229979,-1.0912635550229979,prophet,test
2023-12-01 00:00:00+00:00,0.0,0.4655312653077768,-0.4655312653077768,prophet,test
2024-01-01 00:00:00+00:00,0.0,0.32121916316302235,-0.32121916316302235,prophet,test
2024-02-01 00:00:00+00:00,0.0,0.29177886883894044,-0.29177886883894044,prophet,test
2024-03-01 00:00:00+00:00,0.0,0.2689425119821185,-0.2689425119821185,prophet,test
2024-04-01 00:00:00+00:00,0.0,0.3972859318317783,-0.3972859318317783,prophet,test
2024-05-01 00:00:00+00:00,0.0,0.6554332777759639,-0.6554332777759639,prophet,test
2024-06-01 00:00:00+00:00,3.0,1.3920918859821665,1.6079081140178335,prophet,test
2024-07-01 00:00:00+00:00,0.0,2.040550180115498,-2.040550180115498,prophet,test
2024-08-01 00:00:00+00:00,2.0,4.408552515975069,-2.408552515975069,prophet,test
2024-09-01 00:00:00+00:00,6.0,5.307238356725349,0.6927616432746513,prophet,test
2024-10-01 00:00:00+00:00,4.0,2.731174457556193,1.2688255424438069,prophet,test
2024-11-01 00:00:00+00:00,3.0,1.01261904429516,1.98738095570484,prophet,test
2024-12-01 00:00:00+00:00,0.0,0.4218319019971344,-0.4218319019971344,prophet,test
2025-01-01 00:00:00+00:00,0.0,0.31468005582536684,-0.31468005582536684,prophet,test
2025-02-01 00:00:00+00:00,0.0,0.2786220011105893,-0.2786220011105893,prophet,test
2025-03-01 00:00:00+00:00,0.0,0.2619041568113998,-0.2619041568113998,prophet,test
2025-04-01 00:00:00+00:00,0.0,0.3860703422012841,-0.3860703422012841,prophet,test
2025-05-01 00:00:00+00:00,0.0,0.6351459582368872,-0.6351459582368872,prophet,test
2025-06-01 00:00:00+00:00,2.0,1.4273564704528723,0.5726435295471277,prophet,test
2025-07-01 00:00:00+00:00,1.0,1.9650646992105705,-0.9650646992105705,prophet,test
2025-08-01 00:00:00+00:00,3.0,4.33232265414336,-1.3323226541433604,prophet,test
2025-09-01 00:00:00+00:00,3.0,5.348821315865123,-2.3488213158651234,prophet,test
2025-10-01 00:00:00+00:00,4.0,2.7637708164962156,1.2362291835037844,prophet,test
2025-11-01 00:00:00+00:00,0.0,1.060229564683843,-1.060229564683843,prophet,test
2025-12-01 00:00:00+00:00,0.0,0.3872824101013037,-0.3872824101013037,prophet,test
