SID,SEASON,ISO_TIME,month
1980199N31284,1980,1980-07-17 00:00:00+00:00,1980-07-01 00:00:00+00:00
1980200N25270,1980,1980-07-17 12:00:00+00:00,1980-07-01 00:00:00+00:00
1980204N23287,1980,1980-07-22 00:00:00+00:00,1980-07-01 00:00:00+00:00
1980214N11330,1980,1980-08-01 00:00:00+00:00,1980-08-01 00:00:00+00:00
1980226N15339,1980,1980-08-13 00:00:00+00:00,1980-08-01 00:00:00+00:00
1980227N13325,1980,1980-08-14 00:00:00+00:00,1980-08-01 00:00:00+00:00
1980234N36287,1980,1980-08-20 12:00:00+00:00,1980-08-01 00:00:00+00:00
1980238N16328,1980,1980-08-25 00:00:00+00:00,1980-08-01 00:00:00+00:00
1980245N16322,1980,1980-09-01 00:00:00+00:00,1980-09-01 00:00:00+00:00
1980249N18336,1980,1980-09-04 12:00:00+00:00,1980-09-01 00:00:00+00:00
1980249N28269,1980,1980-09-04 18:00:00+00:00,1980-09-01 00:00:00+00:00
1980250N13341,1980,1980-09-06 00:00:00+00:00,1980-09-01 00:00:00+00:00
1980265N15283,1980,1980-09-20 12:00:00+00:00,1980-09-01 00:00:00+00:00
1980275N34340,1980,1980-10-04 12:00:00+00:00,1980-10-01 00:00:00+00:00
1980290N16275,1980,1980-10-16 00:00:00+00:00,1980-10-01 00:00:00+00:00
1980313N14277,1980,1980-11-08 18:00:00+00:00,1980-11-01 00:00:00+00:00
1980318N13280,1980,1980-11-12 12:00:00+00:00,1980-11-01 00:00:00+00:00
1980330N36314,1980,1980-11-25 00:00:00+00:00,1980-11-01 00:00:00+00:00
1981097N21299,1981,1981-04-06 12:00:00+00:00,1981-04-01 00:00:00+00:00
1981110N11281,1981,1981-04-19 12:00:00+00:00,1981-04-01 00:00:00+00:00
1981127N18276,1981,1981-05-06 18:00:00+00:00,1981-05-01 00:00:00+00:00
1981154N19266,1981,1981-06-03 06:00:00+00:00,1981-06-01 00:00:00+00:00
1981169N20268,1981,1981-06-17 12:00:00+00:00,1981-06-01 00:00:00+00:00
1981181N36295,1981,1981-06-29 12:00:00+00:00,1981-06-01 00:00:00+00:00
1981183N24281,1981,1981-07-02 06:00:00+00:00,1981-07-01 00:00:00+00:00
1981206N23268,1981,1981-07-25 06:00:00+00:00,1981-07-01 00:00:00+00:00
1981215N36292,1981,1981-08-02 18:00:00+00:00,1981-08-01 00:00:00+00:00
1981219N11334,1981,1981-08-07 06:00:00+00:00,1981-08-01 00:00:00+00:00
1981229N13327,1981,1981-08-17 06:00:00+00:00,1981-08-01 00:00:00+00:00
1981239N21267,1981,1981-08-26 18:00:00+00:00,1981-08-01 00:00:00+00:00
1981244N30287,1981,1981-08-31 12:00:00+00:00,1981-08-01 00:00:00+00:00
1981247N16300,1981,1981-09-03 12:00:00+00:00,1981-09-01 00:00:00+00:00
1981250N15306,1981,1981-09-07 00:00:00+00:00,1981-09-01 00:00:00+00:00
1981255N12286,1981,1981-09-12 00:00:00+00:00,1981-09-01 00:00:00+00:00
1981255N14311,1981,1981-09-11 18:00:00+00:00,1981-09-01 00:00:00+00:00
1981265N14328,1981,1981-09-21 12:00:00+00:00,1981-09-01 00:00:00+00:00
1981269N08322,1981,1981-09-26 00:00:00+00:00,1981-09-01 00:00:00+00:00
1981303N25313,1981,1981-10-29 12:00:00+00:00,1981-10-01 00:00:00+00:00
1981307N17279,1981,1981-11-03 00:00:00+00:00,1981-11-01 00:00:00+00:00
1981317N31286,1981,1981-11-12 12:00:00+00:00,1981-11-01 00:00:00+00:00
1982154N22273,1982,1982-06-02 12:00:00+00:00,1982-06-01 00:00:00+00:00
1982169N26274,1982,1982-06-18 00:00:00+00:00,1982-06-01 00:00:00+00:00
1982241N14338,1982,1982-08-28 12:00:00+00:00,1982-08-01 00:00:00+00:00
1982249N17307,1982,1982-09-06 00:00:00+00:00,1982-09-01 00:00:00+00:00
1982252N26269,1982,1982-09-09 00:00:00+00:00,1982-09-01 00:00:00+00:00
1982257N20291,1982,1982-09-13 12:00:00+00:00,1982-09-01 00:00:00+00:00
1982267N25289,1982,1982-09-24 00:00:00+00:00,1982-09-01 00:00:00+00:00
1982274N25295,1982,1982-09-30 12:00:00+00:00,1982-09-01 00:00:00+00:00
1983205N10322,1983,1983-07-23 12:00:00+00:00,1983-07-01 00:00:00+00:00
1983209N12333,1983,1983-07-27 12:00:00+00:00,1983-07-01 00:00:00+00:00
1983228N27270,1983,1983-08-15 12:00:00+00:00,1983-08-01 00:00:00+00:00
1983236N26284,1983,1983-08-23 18:00:00+00:00,1983-08-01 00:00:00+00:00
1983254N30296,1983,1983-09-10 12:00:00+00:00,1983-09-01 00:00:00+00:00
1983270N28287,1983,1983-09-26 18:00:00+00:00,1983-09-01 00:00:00+00:00
1984164N28285,1984,1984-06-11 12:00:00+00:00,1984-06-01 00:00:00+00:00
1984171N20266,1984,1984-06-18 12:00:00+00:00,1984-06-01 00:00:00+00:00
1984206N12312,1984,1984-07-24 06:00:00+00:00,1984-07-01 00:00:00+00:00
1984220N37292,1984,1984-08-06 12:00:00+00:00,1984-08-01 00:00:00+00:00
1984231N33295,1984,1984-08-18 06:00:00+00:00,1984-08-01 00:00:00+00:00
1984242N11309,1984,1984-08-28 18:00:00+00:00,1984-08-01 00:00:00+00:00
1984244N13319,1984,1984-08-30 12:00:00+00:00,1984-08-01 00:00:00+00:00
1984244N37293,1984,1984-08-31 00:00:00+00:00,1984-08-01 00:00:00+00:00
1984251N21264,1984,1984-09-06 12:00:00+00:00,1984-09-01 00:00:00+00:00
1984253N29283,1984,1984-09-08 12:00:00+00:00,1984-09-01 00:00:00+00:00
1984258N20264,1984,1984-09-14 00:00:00+00:00,1984-09-01 00:00:00+00:00
1984260N14339,1984,1984-09-15 12:00:00+00:00,1984-09-01 00:00:00+00:00
1984261N29295,1984,1984-09-16 18:00:00+00:00,1984-09-01 00:00:00+00:00
1984267N31302,1984,1984-09-23 00:00:00+00:00,1984-09-01 00:00:00+00:00
1984270N23287,1984,1984-09-25 12:00:00+00:00,1984-09-01 00:00:00+00:00
1984281N24291,1984,1984-10-07 06:00:00+00:00,1984-10-01 00:00:00+00:00
1984299N26289,1984,1984-10-25 06:00:00+00:00,1984-10-01 00:00:00+00:00
1984311N15291,1984,1984-11-05 18:00:00+00:00,1984-11-01 00:00:00+00:00
1984329N27281,1984,1984-11-23 12:00:00+00:00,1984-11-01 00:00:00+00:00
1984348N35300,1984,1984-12-12 12:00:00+00:00,1984-12-01 00:00:00+00:00
1985197N29296,1985,1985-07-15 18:00:00+00:00,1985-07-01 00:00:00+00:00
1985202N26275,1985,1985-07-21 06:00:00+00:00,1985-07-01 00:00:00+00:00
1985222N32280,1985,1985-08-09 18:00:00+00:00,1985-08-01 00:00:00+00:00
1985224N18279,1985,1985-08-12 00:00:00+00:00,1985-08-01 00:00:00+00:00
1985240N20286,1985,1985-08-28 00:00:00+00:00,1985-08-01 00:00:00+00:00
1985252N20333,1985,1985-09-08 12:00:00+00:00,1985-09-01 00:00:00+00:00
1985255N12300,1985,1985-09-11 12:00:00+00:00,1985-09-01 00:00:00+00:00
1985259N24289,1985,1985-09-15 18:00:00+00:00,1985-09-01 00:00:00+00:00
1985260N13336,1985,1985-09-16 12:00:00+00:00,1985-09-01 00:00:00+00:00
1985265N30286,1985,1985-09-21 18:00:00+00:00,1985-09-01 00:00:00+00:00
1985280N18291,1985,1985-10-07 00:00:00+00:00,1985-10-01 00:00:00+00:00
1985299N25270,1985,1985-10-26 00:00:00+00:00,1985-10-01 00:00:00+00:00
1985320N21296,1985,1985-11-15 18:00:00+00:00,1985-11-01 00:00:00+00:00
1985342N11283,1985,1985-12-07 12:00:00+00:00,1985-12-01 00:00:00+00:00
1986156N26284,1986,1986-06-05 00:00:00+00:00,1986-06-01 00:00:00+00:00
1986175N26273,1986,1986-06-23 18:00:00+00:00,1986-06-01 00:00:00+00:00
1986205N24305,1986,1986-07-23 12:00:00+00:00,1986-07-01 00:00:00+00:00
1986216N24267,1986,1986-08-04 06:00:00+00:00,1986-08-01 00:00:00+00:00
1986226N30276,1986,1986-08-13 12:00:00+00:00,1986-08-01 00:00:00+00:00
1986243N13326,1986,1986-08-30 12:00:00+00:00,1986-08-01 00:00:00+00:00
1986245N18274,1986,1986-09-01 12:00:00+00:00,1986-09-01 00:00:00+00:00
1986250N11308,1986,1986-09-07 06:00:00+00:00,1986-09-01 00:00:00+00:00
1986254N22309,1986,1986-09-10 18:00:00+00:00,1986-09-01 00:00:00+00:00
1986323N23297,1986,1986-11-18 18:00:00+00:00,1986-11-01 00:00:00+00:00
1987145N21292,1987,1987-05-24 12:00:00+00:00,1987-05-01 00:00:00+00:00
1987220N34283,1987,1987-08-10 18:00:00+00:00,1987-08-01 00:00:00+00:00
1987222N26266,1987,1987-08-09 12:00:00+00:00,1987-08-01 00:00:00+00:00
1987225N13313,1987,1987-08-13 00:00:00+00:00,1987-08-01 00:00:00+00:00
1987230N15340,1987,1987-08-18 00:00:00+00:00,1987-08-01 00:00:00+00:00
1987243N14328,1987,1987-08-30 12:00:00+00:00,1987-08-01 00:00:00+00:00
1987249N13297,1987,1987-09-06 00:00:00+00:00,1987-09-01 00:00:00+00:00
1987249N15329,1987,1987-09-05 12:00:00+00:00,1987-09-01 00:00:00+00:00
1987250N29282,1987,1987-09-07 00:00:00+00:00,1987-09-01 00:00:00+00:00
1987252N11342,1987,1987-09-08 18:00:00+00:00,1987-09-01 00:00:00+00:00
1987257N14306,1987,1987-09-13 12:00:00+00:00,1987-09-01 00:00:00+00:00
1987263N10309,1987,1987-09-20 00:00:00+00:00,1987-09-01 00:00:00+00:00
1987282N15277,1987,1987-10-09 06:00:00+00:00,1987-10-01 00:00:00+00:00
1987305N17283,1987,1987-10-31 18:00:00+00:00,1987-10-01 00:00:00+00:00
1988153N20275,1988,1988-05-31 12:00:00+00:00,1988-05-01 00:00:00+00:00
1988219N32283,1988,1988-08-05 18:00:00+00:00,1988-08-01 00:00:00+00:00
1988221N30270,1988,1988-08-08 00:00:00+00:00,1988-08-01 00:00:00+00:00
1988226N25286,1988,1988-08-13 00:00:00+00:00,1988-08-01 00:00:00+00:00
1988234N13299,1988,1988-08-20 18:00:00+00:00,1988-08-01 00:00:00+00:00
1988234N13339,1988,1988-08-20 12:00:00+00:00,1988-08-01 00:00:00+00:00
1988235N15317,1988,1988-08-21 12:00:00+00:00,1988-08-01 00:00:00+00:00
1988245N20269,1988,1988-08-31 18:00:00+00:00,1988-08-01 00:00:00+00:00
1988247N33300,1988,1988-09-03 00:00:00+00:00,1988-09-01 00:00:00+00:00
1988248N28267,1988,1988-09-04 00:00:00+00:00,1988-09-01 00:00:00+00:00
1988251N13343,1988,1988-09-07 00:00:00+00:00,1988-09-01 00:00:00+00:00
1988251N23268,1988,1988-09-07 06:00:00+00:00,1988-09-01 00:00:00+00:00
1988253N12306,1988,1988-09-08 18:00:00+00:00,1988-09-01 00:00:00+00:00
1988264N13328,1988,1988-09-19 18:00:00+00:00,1988-09-01 00:00:00+00:00
1988272N12339,1988,1988-09-27 18:00:00+00:00,1988-09-01 00:00:00+00:00
1988273N09315,1988,1988-09-28 18:00:00+00:00,1988-09-01 00:00:00+00:00
1988285N09318,1988,1988-10-10 18:00:00+00:00,1988-10-01 00:00:00+00:00
1988294N13287,1988,1988-10-19 18:00:00+00:00,1988-10-01 00:00:00+00:00
1988323N15286,1988,1988-11-17 18:00:00+00:00,1988-11-01 00:00:00+00:00
1989167N21266,1989,1989-06-15 18:00:00+00:00,1989-06-01 00:00:00+00:00
1989176N27264,1989,1989-06-24 18:00:00+00:00,1989-06-01 00:00:00+00:00
1989191N13322,1989,1989-07-09 18:00:00+00:00,1989-07-01 00:00:00+00:00
1989212N15318,1989,1989-07-31 06:00:00+00:00,1989-07-01 00:00:00+00:00
1989212N23270,1989,1989-07-30 12:00:00+00:00,1989-07-01 00:00:00+00:00
1989221N16339,1989,1989-08-08 18:00:00+00:00,1989-08-01 00:00:00+00:00
1989230N14338,1989,1989-08-18 00:00:00+00:00,1989-08-01 00:00:00+00:00
1989238N17339,1989,1989-08-26 00:00:00+00:00,1989-08-01 00:00:00+00:00
1989239N13312,1989,1989-08-27 06:00:00+00:00,1989-08-01 00:00:00+00:00
1989243N12339,1989,1989-08-30 12:00:00+00:00,1989-08-01 00:00:00+00:00
1989254N13340,1989,1989-09-10 12:00:00+00:00,1989-09-01 00:00:00+00:00
1989260N11316,1989,1989-09-16 18:00:00+00:00,1989-09-01 00:00:00+00:00
1989275N12317,1989,1989-10-02 00:00:00+00:00,1989-10-01 00:00:00+00:00
1989286N19268,1989,1989-10-12 12:00:00+00:00,1989-10-01 00:00:00+00:00
1989333N17276,1989,1989-11-28 12:00:00+00:00,1989-11-01 00:00:00+00:00
1990145N19276,1990,1990-05-24 18:00:00+00:00,1990-05-01 00:00:00+00:00
1990203N09318,1990,1990-07-22 06:00:00+00:00,1990-07-01 00:00:00+00:00
1990206N34285,1990,1990-07-24 12:00:00+00:00,1990-07-01 00:00:00+00:00
1990212N10338,1990,1990-07-31 00:00:00+00:00,1990-07-01 00:00:00+00:00
1990215N38337,1990,1990-08-02 18:00:00+00:00,1990-08-01 00:00:00+00:00
1990216N13281,1990,1990-08-04 00:00:00+00:00,1990-08-01 00:00:00+00:00
1990224N09328,1990,1990-08-11 12:00:00+00:00,1990-08-01 00:00:00+00:00
1990236N13314,1990,1990-08-24 06:00:00+00:00,1990-08-01 00:00:00+00:00
1990237N13325,1990,1990-08-25 00:00:00+00:00,1990-08-01 00:00:00+00:00
1990247N07337,1990,1990-09-04 00:00:00+00:00,1990-09-01 00:00:00+00:00
1990262N15315,1990,1990-09-18 12:00:00+00:00,1990-09-01 00:00:00+00:00
1990264N14328,1990,1990-09-21 06:00:00+00:00,1990-09-01 00:00:00+00:00
1990277N16301,1990,1990-10-03 12:00:00+00:00,1990-10-01 00:00:00+00:00
1990279N36316,1990,1990-10-06 06:00:00+00:00,1990-10-01 00:00:00+00:00
1990283N23281,1990,1990-10-09 12:00:00+00:00,1990-10-01 00:00:00+00:00
1990289N22300,1990,1990-10-16 00:00:00+00:00,1990-10-01 00:00:00+00:00
1991181N26282,1991,1991-07-02 18:00:00+00:00,1991-07-01 00:00:00+00:00
1991187N23264,1991,1991-07-05 18:00:00+00:00,1991-07-01 00:00:00+00:00
1991228N26286,1991,1991-08-16 00:00:00+00:00,1991-08-01 00:00:00+00:00
1991237N15337,1991,1991-08-24 12:00:00+00:00,1991-08-01 00:00:00+00:00
1991241N11329,1991,1991-08-28 12:00:00+00:00,1991-08-01 00:00:00+00:00
1991248N27304,1991,1991-09-04 12:00:00+00:00,1991-09-01 00:00:00+00:00
1991250N10334,1991,1991-09-07 00:00:00+00:00,1991-09-01 00:00:00+00:00
1991252N24311,1991,1991-09-08 18:00:00+00:00,1991-09-01 00:00:00+00:00
1991288N19274,1991,1991-10-15 00:00:00+00:00,1991-10-01 00:00:00+00:00
1991298N13318,1991,1991-10-24 12:00:00+00:00,1991-10-01 00:00:00+00:00
1991299N27295,1991,1991-10-25 18:00:00+00:00,1991-10-01 00:00:00+00:00
1991302N44301,1991,1991-10-31 18:00:00+00:00,1991-10-01 00:00:00+00:00
1992113N24301,1992,1992-04-21 12:00:00+00:00,1992-04-01 00:00:00+00:00
1992178N25275,1992,1992-06-25 12:00:00+00:00,1992-06-01 00:00:00+00:00
1992207N29298,1992,1992-07-24 18:00:00+00:00,1992-07-01 00:00:00+00:00
1992230N11325,1992,1992-08-16 18:00:00+00:00,1992-08-01 00:00:00+00:00
1992262N34301,1992,1992-09-17 18:00:00+00:00,1992-09-01 00:00:00+00:00
1992266N30327,1992,1992-09-21 18:00:00+00:00,1992-09-01 00:00:00+00:00
1992267N33285,1992,1992-09-22 12:00:00+00:00,1992-09-01 00:00:00+00:00
1992270N11325,1992,1992-09-25 12:00:00+00:00,1992-09-01 00:00:00+00:00
1992271N26291,1992,1992-09-26 18:00:00+00:00,1992-09-01 00:00:00+00:00
1992297N26299,1992,1992-10-23 06:00:00+00:00,1992-10-01 00:00:00+00:00
1993152N22276,1993,1993-05-31 12:00:00+00:00,1993-05-01 00:00:00+00:00
1993169N21268,1993,1993-06-18 00:00:00+00:00,1993-06-01 00:00:00+00:00
1993217N10320,1993,1993-08-04 12:00:00+00:00,1993-08-01 00:00:00+00:00
1993227N14301,1993,1993-08-14 12:00:00+00:00,1993-08-01 00:00:00+00:00
1993235N20307,1993,1993-08-22 18:00:00+00:00,1993-08-01 00:00:00+00:00
1993236N14329,1993,1993-08-23 12:00:00+00:00,1993-08-01 00:00:00+00:00
1993251N25293,1993,1993-09-07 12:00:00+00:00,1993-09-01 00:00:00+00:00
1993258N11279,1993,1993-09-14 18:00:00+00:00,1993-09-01 00:00:00+00:00
1993262N27298,1993,1993-09-18 18:00:00+00:00,1993-09-01 00:00:00+00:00
1993273N30297,1993,1993-09-29 18:00:00+00:00,1993-09-01 00:00:00+00:00
1994181N22276,1994,1994-06-30 06:00:00+00:00,1994-06-01 00:00:00+00:00
1994201N32281,1994,1994-07-20 06:00:00+00:00,1994-07-01 00:00:00+00:00
1994227N29273,1994,1994-08-14 12:00:00+00:00,1994-08-01 00:00:00+00:00
1994229N11321,1994,1994-08-16 12:00:00+00:00,1994-08-01 00:00:00+00:00
1994242N20267,1994,1994-08-29 12:00:00+00:00,1994-08-01 00:00:00+00:00
1994253N13303,1994,1994-09-09 12:00:00+00:00,1994-09-01 00:00:00+00:00
1994265N10330,1994,1994-09-21 18:00:00+00:00,1994-09-01 00:00:00+00:00
1994268N16276,1994,1994-09-24 12:00:00+00:00,1994-09-01 00:00:00+00:00
1994271N14339,1994,1994-09-27 12:00:00+00:00,1994-09-01 00:00:00+00:00
1994272N20274,1994,1994-09-29 06:00:00+00:00,1994-09-01 00:00:00+00:00
1994306N23313,1994,1994-11-02 00:00:00+00:00,1994-11-01 00:00:00+00:00
1994313N12278,1994,1994-11-08 12:00:00+00:00,1994-11-01 00:00:00+00:00
1995154N17276,1995,1995-06-03 00:00:00+00:00,1995-06-01 00:00:00+00:00
1995186N32288,1995,1995-07-05 06:00:00+00:00,1995-07-01 00:00:00+00:00
1995193N17305,1995,1995-07-12 00:00:00+00:00,1995-07-01 00:00:00+00:00
1995210N26273,1995,1995-07-28 18:00:00+00:00,1995-07-01 00:00:00+00:00
1995212N22287,1995,1995-07-31 00:00:00+00:00,1995-07-01 00:00:00+00:00
1995218N20265,1995,1995-08-05 18:00:00+00:00,1995-08-01 00:00:00+00:00
1995220N14329,1995,1995-08-08 00:00:00+00:00,1995-08-01 00:00:00+00:00
1995222N24265,1995,1995-08-09 18:00:00+00:00,1995-08-01 00:00:00+00:00
1995234N13327,1995,1995-08-22 00:00:00+00:00,1995-08-01 00:00:00+00:00
1995235N13311,1995,1995-08-22 12:00:00+00:00,1995-08-01 00:00:00+00:00
1995235N24281,1995,1995-08-22 18:00:00+00:00,1995-08-01 00:00:00+00:00
1995239N15327,1995,1995-08-26 12:00:00+00:00,1995-08-01 00:00:00+00:00
1995241N11333,1995,1995-08-28 18:00:00+00:00,1995-08-01 00:00:00+00:00
1995253N18318,1995,1995-09-09 12:00:00+00:00,1995-09-01 00:00:00+00:00
1995256N12309,1995,1995-09-12 18:00:00+00:00,1995-09-01 00:00:00+00:00
1995270N10322,1995,1995-09-26 18:00:00+00:00,1995-09-01 00:00:00+00:00
1995271N19273,1995,1995-09-27 18:00:00+00:00,1995-09-01 00:00:00+00:00
1995278N08329,1995,1995-10-04 18:00:00+00:00,1995-10-01 00:00:00+00:00
1995281N14278,1995,1995-10-07 18:00:00+00:00,1995-10-01 00:00:00+00:00
1995294N14306,1995,1995-10-20 12:00:00+00:00,1995-10-01 00:00:00+00:00
1995300N25301,1995,1995-10-27 00:00:00+00:00,1995-10-01 00:00:00+00:00
1996170N27282,1996,1996-06-17 18:00:00+00:00,1996-06-01 00:00:00+00:00
1996187N10326,1996,1996-07-05 00:00:00+00:00,1996-07-01 00:00:00+00:00
1996207N12297,1996,1996-07-24 18:00:00+00:00,1996-07-01 00:00:00+00:00
1996232N17280,1996,1996-08-19 06:00:00+00:00,1996-08-01 00:00:00+00:00
1996233N12340,1996,1996-08-19 18:00:00+00:00,1996-08-01 00:00:00+00:00
1996237N14339,1996,1996-08-23 12:00:00+00:00,1996-08-01 00:00:00+00:00
1996239N13337,1996,1996-08-26 00:00:00+00:00,1996-08-01 00:00:00+00:00
1996248N15319,1996,1996-09-03 12:00:00+00:00,1996-09-01 00:00:00+00:00
1996269N09337,1996,1996-09-24 12:00:00+00:00,1996-09-01 00:00:00+00:00
1996279N23264,1996,1996-10-04 18:00:00+00:00,1996-10-01 00:00:00+00:00
1996286N17274,1996,1996-10-11 12:00:00+00:00,1996-10-01 00:00:00+00:00
1996289N13280,1996,1996-10-14 12:00:00+00:00,1996-10-01 00:00:00+00:00
1996319N11283,1996,1996-11-16 18:00:00+00:00,1996-11-01 00:00:00+00:00
1997152N29283,1997,1997-06-01 06:00:00+00:00,1997-06-01 00:00:00+00:00
1997182N32283,1997,1997-06-30 12:00:00+00:00,1997-06-01 00:00:00+00:00
1997192N30290,1997,1997-07-11 06:00:00+00:00,1997-07-01 00:00:00+00:00
1997194N31286,1997,1997-07-13 06:00:00+00:00,1997-07-01 00:00:00+00:00
1997198N12309,1997,1997-07-17 06:00:00+00:00,1997-07-01 00:00:00+00:00
1997198N27267,1997,1997-07-16 12:00:00+00:00,1997-07-01 00:00:00+00:00
1997246N11316,1997,1997-09-03 06:00:00+00:00,1997-09-01 00:00:00+00:00
1997278N24296,1997,1997-10-04 18:00:00+00:00,1997-10-01 00:00:00+00:00
1997288N20291,1997,1997-10-14 12:00:00+00:00,1997-10-01 00:00:00+00:00
1998209N11335,1998,1998-07-27 12:00:00+00:00,1998-07-01 00:00:00+00:00
1998232N15312,1998,1998-08-19 12:00:00+00:00,1998-08-01 00:00:00+00:00
1998233N25268,1998,1998-08-21 06:00:00+00:00,1998-08-01 00:00:00+00:00
1998236N13326,1998,1998-08-24 06:00:00+00:00,1998-08-01 00:00:00+00:00
1998244N22267,1998,1998-08-31 12:00:00+00:00,1998-08-01 00:00:00+00:00
1998252N26266,1998,1998-09-08 18:00:00+00:00,1998-09-01 00:00:00+00:00
1998259N10335,1998,1998-09-15 12:00:00+00:00,1998-09-01 00:00:00+00:00
1998261N27270,1998,1998-09-17 12:00:00+00:00,1998-09-01 00:00:00+00:00
1998262N13333,1998,1998-09-19 00:00:00+00:00,1998-09-01 00:00:00+00:00
1998264N10343,1998,1998-09-21 06:00:00+00:00,1998-09-01 00:00:00+00:00
1998267N33295,1998,1998-09-23 12:00:00+00:00,1998-09-01 00:00:00+00:00
1998278N14314,1998,1998-10-05 00:00:00+00:00,1998-10-01 00:00:00+00:00
1998295N12284,1998,1998-10-22 00:00:00+00:00,1998-10-01 00:00:00+00:00
1998328N28332,1998,1998-11-24 00:00:00+00:00,1998-11-01 00:00:00+00:00
1999163N27302,1999,1999-06-11 18:00:00+00:00,1999-06-01 00:00:00+00:00
1999184N20265,1999,1999-07-02 18:00:00+00:00,1999-07-01 00:00:00+00:00
1999231N14341,1999,1999-08-19 00:00:00+00:00,1999-08-01 00:00:00+00:00
1999231N20266,1999,1999-08-18 18:00:00+00:00,1999-08-01 00:00:00+00:00
1999236N12306,1999,1999-08-24 06:00:00+00:00,1999-08-01 00:00:00+00:00
1999236N22292,1999,1999-08-24 00:00:00+00:00,1999-08-01 00:00:00+00:00
1999249N22264,1999,1999-09-05 18:00:00+00:00,1999-09-01 00:00:00+00:00
1999251N15314,1999,1999-09-07 18:00:00+00:00,1999-09-01 00:00:00+00:00
1999255N13336,1999,1999-09-11 12:00:00+00:00,1999-09-01 00:00:00+00:00
1999262N25272,1999,1999-09-19 06:00:00+00:00,1999-09-01 00:00:00+00:00
1999277N20266,1999,1999-10-04 06:00:00+00:00,1999-10-01 00:00:00+00:00
1999279N14315,1999,1999-10-06 00:00:00+00:00,1999-10-01 00:00:00+00:00
1999286N16278,1999,1999-10-13 06:00:00+00:00,1999-10-01 00:00:00+00:00
1999291N10309,1999,1999-10-17 18:00:00+00:00,1999-10-01 00:00:00+00:00
1999302N11279,1999,1999-10-28 18:00:00+00:00,1999-10-01 00:00:00+00:00
1999318N17278,1999,1999-11-13 18:00:00+00:00,1999-11-01 00:00:00+00:00
2000160N21267,2000,2000-06-07 18:00:00+00:00,2000-06-01 00:00:00+00:00
2000175N09340,2000,2000-06-23 00:00:00+00:00,2000-06-01 00:00:00+00:00
2000217N11342,2000,2000-08-03 18:00:00+00:00,2000-08-01 00:00:00+00:00
2000222N28286,2000,2000-08-08 12:00:00+00:00,2000-08-01 00:00:00+00:00
2000227N23267,2000,2000-08-13 18:00:00+00:00,2000-08-01 00:00:00+00:00
2000231N14308,2000,2000-08-17 12:00:00+00:00,2000-08-01 00:00:00+00:00
2000233N12316,2000,2000-08-19 18:00:00+00:00,2000-08-01 00:00:00+00:00
2000246N15315,2000,2000-09-01 12:00:00+00:00,2000-09-01 00:00:00+00:00
2000253N28267,2000,2000-09-08 18:00:00+00:00,2000-09-01 00:00:00+00:00
2000255N31289,2000,2000-09-10 18:00:00+00:00,2000-09-01 00:00:00+00:00
2000259N20273,2000,2000-09-14 12:00:00+00:00,2000-09-01 00:00:00+00:00
2000260N15308,2000,2000-09-15 12:00:00+00:00,2000-09-01 00:00:00+00:00
2000266N12337,2000,2000-09-21 12:00:00+00:00,2000-09-01 00:00:00+00:00
2000270N11330,2000,2000-09-25 12:00:00+00:00,2000-09-01 00:00:00+00:00
2000273N16277,2000,2000-09-28 18:00:00+00:00,2000-09-01 00:00:00+00:00
2000279N29279,2000,2000-10-04 12:00:00+00:00,2000-10-01 00:00:00+00:00
2000290N30289,2000,2000-10-15 12:00:00+00:00,2000-10-01 00:00:00+00:00
2000294N26300,2000,2000-10-19 12:00:00+00:00,2000-10-01 00:00:00+00:00
2000299N22291,2000,2000-10-25 18:00:00+00:00,2000-10-01 00:00:00+00:00
2001157N28265,2001,2001-06-05 12:00:00+00:00,2001-06-01 00:00:00+00:00
2001193N11318,2001,2001-07-11 18:00:00+00:00,2001-07-01 00:00:00+00:00
2001215N26275,2001,2001-08-02 12:00:00+00:00,2001-08-01 00:00:00+00:00
2001227N13323,2001,2001-08-14 18:00:00+00:00,2001-08-01 00:00:00+00:00
2001235N18296,2001,2001-08-22 12:00:00+00:00,2001-08-01 00:00:00+00:00
2001245N13326,2001,2001-09-01 18:00:00+00:00,2001-09-01 00:00:00+00:00
2001251N14332,2001,2001-09-07 18:00:00+00:00,2001-09-01 00:00:00+00:00
2001255N26276,2001,2001-09-11 18:00:00+00:00,2001-09-01 00:00:00+00:00
2001263N13278,2001,2001-09-19 18:00:00+00:00,2001-09-01 00:00:00+00:00
2001265N25296,2001,2001-09-21 12:00:00+00:00,2001-09-01 00:00:00+00:00
2001278N12302,2001,2001-10-04 12:00:00+00:00,2001-10-01 00:00:00+00:00
2001280N11309,2001,2001-10-06 12:00:00+00:00,2001-10-01 00:00:00+00:00
2001284N28297,2001,2001-10-12 00:00:00+00:00,2001-10-01 00:00:00+00:00
2001301N27325,2001,2001-10-27 12:00:00+00:00,2001-10-01 00:00:00+00:00
2001303N13276,2001,2001-10-29 18:00:00+00:00,2001-10-01 00:00:00+00:00
2001308N34310,2001,2001-11-04 00:00:00+00:00,2001-11-01 00:00:00+00:00
2001327N31309,2001,2001-11-24 00:00:00+00:00,2001-11-01 00:00:00+00:00
2002196N34283,2002,2002-07-14 18:00:00+00:00,2002-07-01 00:00:00+00:00
2002217N29272,2002,2002-08-04 18:00:00+00:00,2002-08-01 00:00:00+00:00
2002218N32283,2002,2002-08-05 18:00:00+00:00,2002-08-01 00:00:00+00:00
2002242N10329,2002,2002-08-29 12:00:00+00:00,2002-08-01 00:00:00+00:00
2002245N29281,2002,2002-09-01 18:00:00+00:00,2002-09-01 00:00:00+00:00
2002249N28266,2002,2002-09-05 18:00:00+00:00,2002-09-01 00:00:00+00:00
2002251N24313,2002,2002-09-07 12:00:00+00:00,2002-09-01 00:00:00+00:00
2002252N29289,2002,2002-09-08 12:00:00+00:00,2002-09-01 00:00:00+00:00
2002255N26273,2002,2002-09-12 00:00:00+00:00,2002-09-01 00:00:00+00:00
2002258N10300,2002,2002-09-14 18:00:00+00:00,2002-09-01 00:00:00+00:00
2002261N33308,2002,2002-09-17 12:00:00+00:00,2002-09-01 00:00:00+00:00
2002264N28308,2002,2002-09-20 18:00:00+00:00,2002-09-01 00:00:00+00:00
2002265N10315,2002,2002-09-21 18:00:00+00:00,2002-09-01 00:00:00+00:00
2002288N17277,2002,2002-10-14 12:00:00+00:00,2002-10-01 00:00:00+00:00
2003108N29294,2003,2003-04-20 06:00:00+00:00,2003-04-01 00:00:00+00:00
2003162N10319,2003,2003-06-11 00:00:00+00:00,2003-06-01 00:00:00+00:00
2003179N20271,2003,2003-06-29 06:00:00+00:00,2003-06-01 00:00:00+00:00
2003188N11307,2003,2003-07-08 18:00:00+00:00,2003-07-01 00:00:00+00:00
2003198N31306,2003,2003-07-16 12:00:00+00:00,2003-07-01 00:00:00+00:00
2003201N12317,2003,2003-07-19 18:00:00+00:00,2003-07-01 00:00:00+00:00
2003207N29280,2003,2003-07-25 12:00:00+00:00,2003-07-01 00:00:00+00:00
2003227N26277,2003,2003-08-14 18:00:00+00:00,2003-08-01 00:00:00+00:00
2003234N15295,2003,2003-08-21 18:00:00+00:00,2003-08-01 00:00:00+00:00
2003240N15329,2003,2003-08-27 18:00:00+00:00,2003-08-01 00:00:00+00:00
2003243N24268,2003,2003-08-30 12:00:00+00:00,2003-08-01 00:00:00+00:00
2003247N27272,2003,2003-09-03 18:00:00+00:00,2003-09-01 00:00:00+00:00
2003249N14329,2003,2003-09-06 00:00:00+00:00,2003-09-01 00:00:00+00:00
2003251N12338,2003,2003-09-08 06:00:00+00:00,2003-09-01 00:00:00+00:00
2003268N28298,2003,2003-09-24 12:00:00+00:00,2003-09-01 00:00:00+00:00
2003269N12322,2003,2003-09-25 18:00:00+00:00,2003-09-01 00:00:00+00:00
2003271N18275,2003,2003-10-01 18:00:00+00:00,2003-10-01 00:00:00+00:00
2003284N19291,2003,2003-10-10 18:00:00+00:00,2003-10-01 00:00:00+00:00
2003286N09323,2003,2003-10-13 00:00:00+00:00,2003-10-01 00:00:00+00:00
2003339N13284,2003,2003-12-04 12:00:00+00:00,2003-12-01 00:00:00+00:00
2003342N28326,2003,2003-12-07 18:00:00+00:00,2003-12-01 00:00:00+00:00
2004214N30282,2004,2004-07-31 18:00:00+00:00,2004-07-01 00:00:00+00:00
2004217N13306,2004,2004-08-03 12:00:00+00:00,2004-08-01 00:00:00+00:00
2004223N11301,2004,2004-08-09 12:00:00+00:00,2004-08-01 00:00:00+00:00
2004227N09314,2004,2004-08-13 18:00:00+00:00,2004-08-01 00:00:00+00:00
2004227N12338,2004,2004-08-13 12:00:00+00:00,2004-08-01 00:00:00+00:00
2004238N11325,2004,2004-08-25 00:00:00+00:00,2004-08-01 00:00:00+00:00
2004241N29295,2004,2004-08-27 18:00:00+00:00,2004-08-01 00:00:00+00:00
2004241N32282,2004,2004-08-27 12:00:00+00:00,2004-08-01 00:00:00+00:00
2004247N10332,2004,2004-09-02 18:00:00+00:00,2004-09-01 00:00:00+00:00
2004252N32320,2004,2004-09-07 12:00:00+00:00,2004-09-01 00:00:00+00:00
2004258N16300,2004,2004-09-13 18:00:00+00:00,2004-09-01 00:00:00+00:00
2004260N11331,2004,2004-09-16 06:00:00+00:00,2004-09-01 00:00:00+00:00
2004264N13328,2004,2004-09-19 18:00:00+00:00,2004-09-01 00:00:00+00:00
2004283N24265,2004,2004-10-08 12:00:00+00:00,2004-10-01 00:00:00+00:00
2004284N30295,2004,2004-10-10 06:00:00+00:00,2004-10-01 00:00:00+00:00
2004331N28320,2004,2004-11-29 12:00:00+00:00,2004-11-01 00:00:00+00:00
2005160N17276,2005,2005-06-08 18:00:00+00:00,2005-06-01 00:00:00+00:00
2005180N20265,2005,2005-06-28 18:00:00+00:00,2005-06-01 00:00:00+00:00
2005185N18273,2005,2005-07-03 18:00:00+00:00,2005-07-01 00:00:00+00:00
2005186N12299,2005,2005-07-04 18:00:00+00:00,2005-07-01 00:00:00+00:00
2005192N11318,2005,2005-07-11 00:00:00+00:00,2005-07-01 00:00:00+00:00
2005203N25285,2005,2005-07-21 18:00:00+00:00,2005-07-01 00:00:00+00:00
2005205N19267,2005,2005-07-23 18:00:00+00:00,2005-07-01 00:00:00+00:00
2005215N28291,2005,2005-08-02 18:00:00+00:00,2005-08-01 00:00:00+00:00
2005217N13327,2005,2005-08-04 18:00:00+00:00,2005-08-01 00:00:00+00:00
2005226N13316,2005,2005-08-13 12:00:00+00:00,2005-08-01 00:00:00+00:00
2005235N19266,2005,2005-08-22 12:00:00+00:00,2005-08-01 00:00:00+00:00
2005236N23285,2005,2005-08-23 18:00:00+00:00,2005-08-01 00:00:00+00:00
2005241N14315,2005,2005-08-28 12:00:00+00:00,2005-08-01 00:00:00+00:00
2005245N19315,2005,2005-09-01 12:00:00+00:00,2005-09-01 00:00:00+00:00
2005249N26281,2005,2005-09-06 06:00:00+00:00,2005-09-01 00:00:00+00:00
2005249N28293,2005,2005-09-05 18:00:00+00:00,2005-09-01 00:00:00+00:00
2005261N13306,2005,2005-09-17 12:00:00+00:00,2005-09-01 00:00:00+00:00
2005261N21290,2005,2005-09-18 00:00:00+00:00,2005-09-01 00:00:00+00:00
2005274N12327,2005,2005-09-30 12:00:00+00:00,2005-09-01 00:00:00+00:00
2005275N19274,2005,2005-10-01 12:00:00+00:00,2005-10-01 00:00:00+00:00
2005277N34328,2005,2005-10-04 06:00:00+00:00,2005-10-01 00:00:00+00:00
2005278N27280,2005,2005-10-05 06:00:00+00:00,2005-10-01 00:00:00+00:00
2005281N26303,2005,2005-10-08 06:00:00+00:00,2005-10-01 00:00:00+00:00
2005281N33339,2005,2005-10-08 06:00:00+00:00,2005-10-01 00:00:00+00:00
2005289N18282,2005,2005-10-15 18:00:00+00:00,2005-10-01 00:00:00+00:00
2005296N16293,2005,2005-10-22 12:00:00+00:00,2005-10-01 00:00:00+00:00
2005300N10279,2005,2005-10-26 18:00:00+00:00,2005-10-01 00:00:00+00:00
2005318N13298,2005,2005-11-14 00:00:00+00:00,2005-11-01 00:00:00+00:00
2005324N27312,2005,2005-11-22 18:00:00+00:00,2005-11-01 00:00:00+00:00
2005333N32311,2005,2005-11-29 06:00:00+00:00,2005-11-01 00:00:00+00:00
2005364N24324,2005,2005-12-30 00:00:00+00:00,2005-12-01 00:00:00+00:00
2006161N20275,2006,2006-06-10 06:00:00+00:00,2006-06-01 00:00:00+00:00
2006198N37291,2006,2006-07-17 06:00:00+00:00,2006-07-01 00:00:00+00:00
2006200N32287,2006,2006-07-18 12:00:00+00:00,2006-07-01 00:00:00+00:00
2006213N16302,2006,2006-08-01 00:00:00+00:00,2006-08-01 00:00:00+00:00
2006234N12338,2006,2006-08-21 18:00:00+00:00,2006-08-01 00:00:00+00:00
2006237N13298,2006,2006-08-24 18:00:00+00:00,2006-08-01 00:00:00+00:00
2006247N14321,2006,2006-09-03 18:00:00+00:00,2006-09-01 00:00:00+00:00
2006254N20306,2006,2006-09-10 18:00:00+00:00,2006-09-01 00:00:00+00:00
2006256N12338,2006,2006-09-12 12:00:00+00:00,2006-09-01 00:00:00+00:00
2006271N26307,2006,2006-09-27 18:00:00+00:00,2006-09-01 00:00:00+00:00
2007127N36286,2007,2007-05-09 06:00:00+00:00,2007-05-01 00:00:00+00:00
2007151N18273,2007,2007-06-01 12:00:00+00:00,2007-06-01 00:00:00+00:00
2007212N36294,2007,2007-07-31 00:00:00+00:00,2007-07-01 00:00:00+00:00
2007225N12331,2007,2007-08-13 06:00:00+00:00,2007-08-01 00:00:00+00:00
2007227N24269,2007,2007-08-15 00:00:00+00:00,2007-08-01 00:00:00+00:00
2007244N12303,2007,2007-08-31 12:00:00+00:00,2007-08-01 00:00:00+00:00
2007251N30288,2007,2007-09-08 00:00:00+00:00,2007-09-01 00:00:00+00:00
2007255N13316,2007,2007-09-12 06:00:00+00:00,2007-09-01 00:00:00+00:00
2007255N27265,2007,2007-09-12 12:00:00+00:00,2007-09-01 00:00:00+00:00
2007265N29275,2007,2007-09-21 12:00:00+00:00,2007-09-01 00:00:00+00:00
2007266N36314,2007,2007-09-23 00:00:00+00:00,2007-09-01 00:00:00+00:00
2007268N10324,2007,2007-09-25 00:00:00+00:00,2007-09-01 00:00:00+00:00
2007269N22265,2007,2007-09-25 18:00:00+00:00,2007-09-01 00:00:00+00:00
2007271N14334,2007,2007-09-28 06:00:00+00:00,2007-09-01 00:00:00+00:00
2007285N30307,2007,2007-10-11 12:00:00+00:00,2007-10-01 00:00:00+00:00
2007297N18300,2007,2007-10-28 00:00:00+00:00,2007-10-01 00:00:00+00:00
2007345N18298,2007,2007-12-11 00:00:00+00:00,2007-12-01 00:00:00+00:00
2008152N18273,2008,2008-05-31 00:00:00+00:00,2008-05-01 00:00:00+00:00
2008185N13337,2008,2008-07-03 06:00:00+00:00,2008-07-01 00:00:00+00:00
2008201N32280,2008,2008-07-19 00:00:00+00:00,2008-07-01 00:00:00+00:00
2008203N18276,2008,2008-07-20 12:00:00+00:00,2008-07-01 00:00:00+00:00
2008217N28273,2008,2008-08-03 12:00:00+00:00,2008-08-01 00:00:00+00:00
2008229N18293,2008,2008-08-15 12:00:00+00:00,2008-08-01 00:00:00+00:00
2008238N13293,2008,2008-08-25 00:00:00+00:00,2008-08-01 00:00:00+00:00
2008241N19303,2008,2008-08-28 00:00:00+00:00,2008-08-01 00:00:00+00:00
2008245N17323,2008,2008-09-01 06:00:00+00:00,2008-09-01 00:00:00+00:00
2008246N12338,2008,2008-09-02 00:00:00+00:00,2008-09-01 00:00:00+00:00
2008269N21290,2008,2008-09-25 00:00:00+00:00,2008-09-01 00:00:00+00:00
2008270N39325,2008,2008-09-29 06:00:00+00:00,2008-09-01 00:00:00+00:00
2008280N18268,2008,2008-10-06 00:00:00+00:00,2008-10-01 00:00:00+00:00
2008286N16323,2008,2008-10-12 06:00:00+00:00,2008-10-01 00:00:00+00:00
2008287N15291,2008,2008-10-13 06:00:00+00:00,2008-10-01 00:00:00+00:00
2008289N15277,2008,2008-10-14 12:00:00+00:00,2008-10-01 00:00:00+00:00
2008311N14278,2008,2008-11-05 18:00:00+00:00,2008-11-01 00:00:00+00:00
2009147N31285,2009,2009-05-28 06:00:00+00:00,2009-05-01 00:00:00+00:00
2009222N14336,2009,2009-08-11 06:00:00+00:00,2009-08-01 00:00:00+00:00
2009227N12328,2009,2009-08-15 06:00:00+00:00,2009-08-01 00:00:00+00:00
2009228N27277,2009,2009-08-16 06:00:00+00:00,2009-08-01 00:00:00+00:00
2009238N24290,2009,2009-08-26 12:00:00+00:00,2009-08-01 00:00:00+00:00
2009245N17303,2009,2009-09-01 18:00:00+00:00,2009-09-01 00:00:00+00:00
2009251N12336,2009,2009-09-07 18:00:00+00:00,2009-09-01 00:00:00+00:00
2009268N15331,2009,2009-09-25 18:00:00+00:00,2009-09-01 00:00:00+00:00
2009271N46317,2009,2009-10-04 06:00:00+00:00,2009-10-01 00:00:00+00:00
2009279N15311,2009,2009-10-06 00:00:00+00:00,2009-10-01 00:00:00+00:00
2009308N11279,2009,2009-11-04 06:00:00+00:00,2009-11-01 00:00:00+00:00
2010176N16278,2010,2010-06-25 18:00:00+00:00,2010-06-01 00:00:00+00:00
2010188N21269,2010,2010-07-08 00:00:00+00:00,2010-07-01 00:00:00+00:00
2010203N22286,2010,2010-07-22 06:00:00+00:00,2010-07-01 00:00:00+00:00
2010215N13319,2010,2010-08-02 12:00:00+00:00,2010-08-01 00:00:00+00:00
2010222N26277,2010,2010-08-10 18:00:00+00:00,2010-08-01 00:00:00+00:00
2010234N11329,2010,2010-08-21 18:00:00+00:00,2010-08-01 00:00:00+00:00
2010236N12341,2010,2010-08-25 06:00:00+00:00,2010-08-01 00:00:00+00:00
2010242N14318,2010,2010-08-30 12:00:00+00:00,2010-08-01 00:00:00+00:00
2010244N12328,2010,2010-09-01 06:00:00+00:00,2010-09-01 00:00:00+00:00
2010247N15266,2010,2010-09-05 18:00:00+00:00,2010-09-01 00:00:00+00:00
2010251N14337,2010,2010-09-08 06:00:00+00:00,2010-09-01 00:00:00+00:00
2010255N13340,2010,2010-09-12 06:00:00+00:00,2010-09-01 00:00:00+00:00
2010257N16282,2010,2010-09-14 12:00:00+00:00,2010-09-01 00:00:00+00:00
2010263N15328,2010,2010-09-20 18:00:00+00:00,2010-09-01 00:00:00+00:00
2010267N14285,2010,2010-09-23 12:00:00+00:00,2010-09-01 00:00:00+00:00
2010271N19276,2010,2010-09-28 12:00:00+00:00,2010-09-01 00:00:00+00:00
2010279N22293,2010,2010-10-06 06:00:00+00:00,2010-10-01 00:00:00+00:00
2010284N14278,2010,2010-10-11 00:00:00+00:00,2010-10-01 00:00:00+00:00
2010293N17277,2010,2010-10-20 06:00:00+00:00,2010-10-01 00:00:00+00:00
2010302N09306,2010,2010-10-29 06:00:00+00:00,2010-10-01 00:00:00+00:00
2010302N26299,2010,2010-10-28 18:00:00+00:00,2010-10-01 00:00:00+00:00
2011179N20267,2011,2011-06-28 18:00:00+00:00,2011-06-01 00:00:00+00:00
2011197N31280,2011,2011-07-17 18:00:00+00:00,2011-07-01 00:00:00+00:00
2011201N33301,2011,2011-07-20 06:00:00+00:00,2011-07-01 00:00:00+00:00
2011208N22274,2011,2011-07-27 06:00:00+00:00,2011-07-01 00:00:00+00:00
2011214N15299,2011,2011-08-02 00:00:00+00:00,2011-08-01 00:00:00+00:00
2011225N26302,2011,2011-08-13 18:00:00+00:00,2011-08-01 00:00:00+00:00
2011225N35294,2011,2011-08-12 18:00:00+00:00,2011-08-01 00:00:00+00:00
2011231N15278,2011,2011-08-19 00:00:00+00:00,2011-08-01 00:00:00+00:00
2011233N15301,2011,2011-08-21 00:00:00+00:00,2011-08-01 00:00:00+00:00
2011237N12331,2011,2011-08-25 00:00:00+00:00,2011-08-01 00:00:00+00:00
2011239N27301,2011,2011-08-27 06:00:00+00:00,2011-08-01 00:00:00+00:00
2011240N10341,2011,2011-08-29 06:00:00+00:00,2011-08-01 00:00:00+00:00
2011244N37296,2011,2011-09-01 00:00:00+00:00,2011-09-01 00:00:00+00:00
2011245N27269,2011,2011-09-02 00:00:00+00:00,2011-09-01 00:00:00+00:00
2011250N12324,2011,2011-09-06 18:00:00+00:00,2011-09-01 00:00:00+00:00
2011250N20266,2011,2011-09-07 18:00:00+00:00,2011-09-01 00:00:00+00:00
2011263N12323,2011,2011-09-20 18:00:00+00:00,2011-09-01 00:00:00+00:00
2011266N08343,2011,2011-09-24 06:00:00+00:00,2011-09-01 00:00:00+00:00
2011295N13279,2011,2011-10-23 06:00:00+00:00,2011-10-01 00:00:00+00:00
2011310N29290,2011,2011-11-08 06:00:00+00:00,2011-11-01 00:00:00+00:00
2012140N33283,2012,2012-05-19 06:00:00+00:00,2012-05-01 00:00:00+00:00
2012147N30284,2012,2012-05-26 00:00:00+00:00,2012-05-01 00:00:00+00:00
2012169N29291,2012,2012-06-18 18:00:00+00:00,2012-06-01 00:00:00+00:00
2012176N26272,2012,2012-06-23 12:00:00+00:00,2012-06-01 00:00:00+00:00
2012215N12313,2012,2012-08-01 12:00:00+00:00,2012-08-01 00:00:00+00:00
2012216N12337,2012,2012-08-03 18:00:00+00:00,2012-08-01 00:00:00+00:00
2012223N14317,2012,2012-08-09 18:00:00+00:00,2012-08-01 00:00:00+00:00
2012229N28305,2012,2012-08-15 12:00:00+00:00,2012-08-01 00:00:00+00:00
2012234N16315,2012,2012-08-21 06:00:00+00:00,2012-08-01 00:00:00+00:00
2012235N11328,2012,2012-08-22 06:00:00+00:00,2012-08-01 00:00:00+00:00
2012242N13333,2012,2012-08-30 00:00:00+00:00,2012-08-01 00:00:00+00:00
2012242N24317,2012,2012-08-28 18:00:00+00:00,2012-08-01 00:00:00+00:00
2012246N29323,2012,2012-09-03 06:00:00+00:00,2012-09-01 00:00:00+00:00
2012255N16322,2012,2012-09-10 12:00:00+00:00,2012-09-01 00:00:00+00:00
2012277N12322,2012,2012-10-03 06:00:00+00:00,2012-10-01 00:00:00+00:00
2012285N26288,2012,2012-10-11 00:00:00+00:00,2012-10-01 00:00:00+00:00
2012287N15297,2012,2012-10-12 18:00:00+00:00,2012-10-01 00:00:00+00:00
2012296N14283,2012,2012-10-22 12:00:00+00:00,2012-10-01 00:00:00+00:00
2012296N20309,2012,2012-10-22 18:00:00+00:00,2012-10-01 00:00:00+00:00
2013157N25273,2013,2013-06-05 18:00:00+00:00,2013-06-01 00:00:00+00:00
2013167N12279,2013,2013-06-17 12:00:00+00:00,2013-06-01 00:00:00+00:00
2013189N09319,2013,2013-07-07 12:00:00+00:00,2013-07-01 00:00:00+00:00
2013204N11340,2013,2013-07-23 18:00:00+00:00,2013-07-01 00:00:00+00:00
2013227N14337,2013,2013-08-15 00:00:00+00:00,2013-08-01 00:00:00+00:00
2013238N19266,2013,2013-08-25 12:00:00+00:00,2013-08-01 00:00:00+00:00
2013248N16294,2013,2013-09-04 18:00:00+00:00,2013-09-01 00:00:00+00:00
2013250N22263,2013,2013-09-06 12:00:00+00:00,2013-09-01 00:00:00+00:00
2013251N13342,2013,2013-09-08 18:00:00+00:00,2013-09-01 00:00:00+00:00
2013255N19268,2013,2013-09-12 18:00:00+00:00,2013-09-01 00:00:00+00:00
2013271N21310,2013,2013-09-29 00:00:00+00:00,2013-09-01 00:00:00+00:00
2013276N21273,2013,2013-10-03 06:00:00+00:00,2013-10-01 00:00:00+00:00
2013294N28304,2013,2013-10-21 06:00:00+00:00,2013-10-01 00:00:00+00:00
2013321N24308,2013,2013-11-18 12:00:00+00:00,2013-11-01 00:00:00+00:00
2013338N34332,2013,2013-12-05 00:00:00+00:00,2013-12-01 00:00:00+00:00
2014180N32282,2014,2014-07-01 00:00:00+00:00,2014-07-01 00:00:00+00:00
2014201N09331,2014,2014-07-21 12:00:00+00:00,2014-07-01 00:00:00+00:00
2014210N10323,2014,2014-08-01 00:00:00+00:00,2014-08-01 00:00:00+00:00
2014236N22288,2014,2014-08-23 18:00:00+00:00,2014-08-01 00:00:00+00:00
2014245N19268,2014,2014-09-01 18:00:00+00:00,2014-09-01 00:00:00+00:00
2014254N14327,2014,2014-09-11 12:00:00+00:00,2014-09-01 00:00:00+00:00
2014283N22299,2014,2014-10-10 06:00:00+00:00,2014-10-01 00:00:00+00:00
2014285N16305,2014,2014-10-12 00:00:00+00:00,2014-10-01 00:00:00+00:00
2014294N20265,2014,2014-10-22 00:00:00+00:00,2014-10-01 00:00:00+00:00
2015126N27281,2015,2015-05-08 00:00:00+00:00,2015-05-01 00:00:00+00:00
2015167N27266,2015,2015-06-16 00:00:00+00:00,2015-06-01 00:00:00+00:00
2015193N35285,2015,2015-07-13 06:00:00+00:00,2015-07-01 00:00:00+00:00
2015229N10331,2015,2015-08-18 06:00:00+00:00,2015-08-01 00:00:00+00:00
2015237N14315,2015,2015-08-24 18:00:00+00:00,2015-08-01 00:00:00+00:00
2015242N12343,2015,2015-08-30 00:00:00+00:00,2015-08-01 00:00:00+00:00
2015248N12337,2015,2015-09-05 06:00:00+00:00,2015-09-01 00:00:00+00:00
2015251N31298,2015,2015-09-08 18:00:00+00:00,2015-09-01 00:00:00+00:00
2015258N12320,2015,2015-09-16 12:00:00+00:00,2015-09-01 00:00:00+00:00
2015259N09336,2015,2015-09-18 06:00:00+00:00,2015-09-01 00:00:00+00:00
2015270N27291,2015,2015-09-28 00:00:00+00:00,2015-09-01 00:00:00+00:00
2015313N22289,2015,2015-11-08 18:00:00+00:00,2015-11-01 00:00:00+00:00
2016007N27285,2016,2016-01-12 18:00:00+00:00,2016-01-01 00:00:00+00:00
2016148N27288,2016,2016-05-27 18:00:00+00:00,2016-05-01 00:00:00+00:00
2016158N22272,2016,2016-06-05 12:00:00+00:00,2016-06-01 00:00:00+00:00
2016171N19268,2016,2016-06-19 12:00:00+00:00,2016-06-01 00:00:00+00:00
2016215N16283,2016,2016-08-02 06:00:00+00:00,2016-08-01 00:00:00+00:00
2016230N12328,2016,2016-08-16 18:00:00+00:00,2016-08-01 00:00:00+00:00
2016235N11341,2016,2016-08-22 12:00:00+00:00,2016-08-01 00:00:00+00:00
2016240N31295,2016,2016-08-28 12:00:00+00:00,2016-08-01 00:00:00+00:00
2016242N24279,2016,2016-08-28 18:00:00+00:00,2016-08-01 00:00:00+00:00
2016256N20312,2016,2016-09-12 06:00:00+00:00,2016-09-01 00:00:00+00:00
2016257N13341,2016,2016-09-14 06:00:00+00:00,2016-09-01 00:00:00+00:00
2016257N27280,2016,2016-09-13 06:00:00+00:00,2016-09-01 00:00:00+00:00
2016263N13333,2016,2016-09-19 12:00:00+00:00,2016-09-01 00:00:00+00:00
2016273N13300,2016,2016-09-28 12:00:00+00:00,2016-09-01 00:00:00+00:00
2016278N23300,2016,2016-10-04 06:00:00+00:00,2016-10-01 00:00:00+00:00
2016323N13279,2016,2016-11-20 18:00:00+00:00,2016-11-01 00:00:00+00:00
2017106N36310,2017,2017-04-19 00:00:00+00:00,2017-04-01 00:00:00+00:00
2017170N08310,2017,2017-06-19 18:00:00+00:00,2017-06-01 00:00:00+00:00
2017171N24271,2017,2017-06-20 18:00:00+00:00,2017-06-01 00:00:00+00:00
2017187N12324,2017,2017-07-05 18:00:00+00:00,2017-07-01 00:00:00+00:00
2017198N10312,2017,2017-07-17 06:00:00+00:00,2017-07-01 00:00:00+00:00
2017212N28275,2017,2017-07-30 18:00:00+00:00,2017-07-01 00:00:00+00:00
2017219N16279,2017,2017-08-07 00:00:00+00:00,2017-08-01 00:00:00+00:00
2017224N22293,2017,2017-08-12 18:00:00+00:00,2017-08-01 00:00:00+00:00
2017228N14314,2017,2017-08-17 06:00:00+00:00,2017-08-01 00:00:00+00:00
2017242N16333,2017,2017-08-30 00:00:00+00:00,2017-08-01 00:00:00+00:00
2017247N09327,2017,2017-09-05 06:00:00+00:00,2017-09-01 00:00:00+00:00
2017249N22263,2017,2017-09-05 12:00:00+00:00,2017-09-01 00:00:00+00:00
2017258N10337,2017,2017-09-14 18:00:00+00:00,2017-09-01 00:00:00+00:00
2017260N12310,2017,2017-09-16 12:00:00+00:00,2017-09-01 00:00:00+00:00
2017277N11279,2017,2017-10-04 12:00:00+00:00,2017-10-01 00:00:00+00:00
2017280N32321,2017,2017-10-09 06:00:00+00:00,2017-10-01 00:00:00+00:00
2017301N18276,2017,2017-10-28 12:00:00+00:00,2017-10-01 00:00:00+00:00
2017309N26308,2017,2017-11-05 18:00:00+00:00,2017-11-01 00:00:00+00:00
2018146N19273,2018,2018-05-25 12:00:00+00:00,2018-05-01 00:00:00+00:00
2018186N10325,2018,2018-07-04 12:00:00+00:00,2018-07-01 00:00:00+00:00
2018186N31292,2018,2018-07-06 12:00:00+00:00,2018-07-01 00:00:00+00:00
2018215N41326,2018,2018-08-07 06:00:00+00:00,2018-08-01 00:00:00+00:00
2018227N37315,2018,2018-08-15 06:00:00+00:00,2018-08-01 00:00:00+00:00
2018242N13343,2018,2018-08-31 18:00:00+00:00,2018-08-01 00:00:00+00:00
2018246N22283,2018,2018-09-03 06:00:00+00:00,2018-09-01 00:00:00+00:00
2018251N13325,2018,2018-09-07 12:00:00+00:00,2018-09-01 00:00:00+00:00
2018251N13343,2018,2018-09-07 12:00:00+00:00,2018-09-01 00:00:00+00:00
2018255N37320,2018,2018-09-12 12:00:00+00:00,2018-09-01 00:00:00+00:00
2018265N08338,2018,2018-09-22 06:00:00+00:00,2018-09-01 00:00:00+00:00
2018265N13308,2018,2018-09-21 18:00:00+00:00,2018-09-01 00:00:00+00:00
2018265N35315,2018,2018-09-23 12:00:00+00:00,2018-09-01 00:00:00+00:00
2018280N18273,2018,2018-10-07 06:00:00+00:00,2018-10-01 00:00:00+00:00
2018282N09333,2018,2018-10-09 06:00:00+00:00,2018-10-01 00:00:00+00:00
2018300N25315,2018,2018-10-26 18:00:00+00:00,2018-10-01 00:00:00+00:00
2019141N28291,2019,2019-05-20 18:00:00+00:00,2019-05-01 00:00:00+00:00
2019192N29274,2019,2019-07-11 00:00:00+00:00,2019-07-01 00:00:00+00:00
2019204N25283,2019,2019-07-22 12:00:00+00:00,2019-07-01 00:00:00+00:00
2019233N40300,2019,2019-08-20 18:00:00+00:00,2019-08-01 00:00:00+00:00
2019236N10314,2019,2019-08-24 06:00:00+00:00,2019-08-01 00:00:00+00:00
2019239N32287,2019,2019-08-26 12:00:00+00:00,2019-08-01 00:00:00+00:00
2019246N16330,2019,2019-09-03 18:00:00+00:00,2019-09-01 00:00:00+00:00
2019246N24266,2019,2019-09-03 12:00:00+00:00,2019-09-01 00:00:00+00:00
2019256N23286,2019,2019-09-13 18:00:00+00:00,2019-09-01 00:00:00+00:00
2019260N13317,2019,2019-09-17 06:00:00+00:00,2019-09-01 00:00:00+00:00
2019261N28264,2019,2019-09-17 12:00:00+00:00,2019-09-01 00:00:00+00:00
2019265N12301,2019,2019-09-22 00:00:00+00:00,2019-09-01 00:00:00+00:00
2019266N11341,2019,2019-09-23 00:00:00+00:00,2019-09-01 00:00:00+00:00
2019282N35286,2019,2019-10-11 06:00:00+00:00,2019-10-01 00:00:00+00:00
2019288N13341,2019,2019-10-14 12:00:00+00:00,2019-10-01 00:00:00+00:00
2019291N22264,2019,2019-10-18 18:00:00+00:00,2019-10-01 00:00:00+00:00
2019297N40322,2019,2019-10-25 00:00:00+00:00,2019-10-01 00:00:00+00:00
2019299N25265,2019,2019-10-25 12:00:00+00:00,2019-10-01 00:00:00+00:00
2019300N41309,2019,2019-10-30 12:00:00+00:00,2019-10-01 00:00:00+00:00
2019323N19302,2019,2019-11-19 06:00:00+00:00,2019-11-01 00:00:00+00:00
2020138N28281,2020,2020-05-16 18:00:00+00:00,2020-05-01 00:00:00+00:00
2020148N32281,2020,2020-05-27 06:00:00+00:00,2020-05-01 00:00:00+00:00
2020154N19269,2020,2020-06-01 18:00:00+00:00,2020-06-01 00:00:00+00:00
2020174N39293,2020,2020-06-22 12:00:00+00:00,2020-06-01 00:00:00+00:00
2020186N30289,2020,2020-07-04 12:00:00+00:00,2020-07-01 00:00:00+00:00
2020188N28271,2020,2020-07-09 18:00:00+00:00,2020-07-01 00:00:00+00:00
2020203N09323,2020,2020-07-21 18:00:00+00:00,2020-07-01 00:00:00+00:00
2020205N26272,2020,2020-07-23 00:00:00+00:00,2020-07-01 00:00:00+00:00
2020211N13306,2020,2020-07-30 00:00:00+00:00,2020-07-01 00:00:00+00:00
2020212N13340,2020,2020-07-31 18:00:00+00:00,2020-07-01 00:00:00+00:00
2020224N11326,2020,2020-08-11 06:00:00+00:00,2020-08-01 00:00:00+00:00
2020228N37286,2020,2020-08-14 12:00:00+00:00,2020-08-01 00:00:00+00:00
2020233N14313,2020,2020-08-20 00:00:00+00:00,2020-08-01 00:00:00+00:00
2020234N14280,2020,2020-08-21 06:00:00+00:00,2020-08-01 00:00:00+00:00
2020244N30279,2020,2020-08-31 06:00:00+00:00,2020-08-01 00:00:00+00:00
2020245N16285,2020,2020-09-01 06:00:00+00:00,2020-09-01 00:00:00+00:00
2020251N15342,2020,2020-09-07 06:00:00+00:00,2020-09-01 00:00:00+00:00
2020251N17319,2020,2020-09-07 00:00:00+00:00,2020-09-01 00:00:00+00:00
2020256N11329,2020,2020-09-12 06:00:00+00:00,2020-09-01 00:00:00+00:00
2020256N25281,2020,2020-09-11 18:00:00+00:00,2020-09-01 00:00:00+00:00
2020258N18332,2020,2020-09-14 00:00:00+00:00,2020-09-01 00:00:00+00:00
2020259N47338,2020,2020-09-17 06:00:00+00:00,2020-09-01 00:00:00+00:00
2020261N10335,2020,2020-09-17 18:00:00+00:00,2020-09-01 00:00:00+00:00
2020261N21265,2020,2020-09-17 12:00:00+00:00,2020-09-01 00:00:00+00:00
2020276N17277,2020,2020-10-02 06:00:00+00:00,2020-10-01 00:00:00+00:00
2020279N16284,2020,2020-10-04 18:00:00+00:00,2020-10-01 00:00:00+00:00
2020291N32305,2020,2020-10-19 06:00:00+00:00,2020-10-01 00:00:00+00:00
2020299N18277,2020,2020-10-24 12:00:00+00:00,2020-10-01 00:00:00+00:00
2020306N15288,2020,2020-10-31 18:00:00+00:00,2020-10-01 00:00:00+00:00
2020314N28313,2020,2020-11-10 00:00:00+00:00,2020-11-01 00:00:00+00:00
2020318N16289,2020,2020-11-13 12:00:00+00:00,2020-11-01 00:00:00+00:00
2021140N30305,2021,2021-05-22 06:00:00+00:00,2021-05-01 00:00:00+00:00
2021165N32282,2021,2021-06-14 06:00:00+00:00,2021-06-01 00:00:00+00:00
2021169N23268,2021,2021-06-19 00:00:00+00:00,2021-06-01 00:00:00+00:00
2021179N30287,2021,2021-06-27 18:00:00+00:00,2021-06-01 00:00:00+00:00
2021182N09317,2021,2021-06-30 18:00:00+00:00,2021-06-01 00:00:00+00:00
2021222N14301,2021,2021-08-11 00:00:00+00:00,2021-08-01 00:00:00+00:00
2021225N15313,2021,2021-08-13 06:00:00+00:00,2021-08-01 00:00:00+00:00
2021227N36297,2021,2021-08-15 18:00:00+00:00,2021-08-01 00:00:00+00:00
2021239N17281,2021,2021-08-26 12:00:00+00:00,2021-08-01 00:00:00+00:00
2021240N13313,2021,2021-08-28 06:00:00+00:00,2021-08-01 00:00:00+00:00
2021241N32308,2021,2021-08-28 18:00:00+00:00,2021-08-01 00:00:00+00:00
2021244N12339,2021,2021-08-31 18:00:00+00:00,2021-08-01 00:00:00+00:00
2021252N28273,2021,2021-09-08 18:00:00+00:00,2021-09-01 00:00:00+00:00
2021256N21265,2021,2021-09-12 12:00:00+00:00,2021-09-01 00:00:00+00:00
2021259N30286,2021,2021-09-17 18:00:00+00:00,2021-09-01 00:00:00+00:00
2021262N10333,2021,2021-09-19 00:00:00+00:00,2021-09-01 00:00:00+00:00
2021262N16307,2021,2021-09-19 00:00:00+00:00,2021-09-01 00:00:00+00:00
2021266N10327,2021,2021-09-22 18:00:00+00:00,2021-09-01 00:00:00+00:00
2021267N31298,2021,2021-09-24 06:00:00+00:00,2021-09-01 00:00:00+00:00
2021272N07338,2021,2021-09-29 12:00:00+00:00,2021-09-01 00:00:00+00:00
2021299N33284,2021,2021-10-30 12:00:00+00:00,2021-10-01 00:00:00+00:00
2022154N21273,2022,2022-06-05 00:00:00+00:00,2022-06-01 00:00:00+00:00
2022179N08310,2022,2022-07-01 06:00:00+00:00,2022-07-01 00:00:00+00:00
2022183N32280,2022,2022-07-01 18:00:00+00:00,2022-07-01 00:00:00+00:00
2022244N38313,2022,2022-09-01 06:00:00+00:00,2022-09-01 00:00:00+00:00
2022246N18301,2022,2022-09-02 18:00:00+00:00,2022-09-01 00:00:00+00:00
2022257N16312,2022,2022-09-14 06:00:00+00:00,2022-09-01 00:00:00+00:00
2022263N29314,2022,2022-09-20 12:00:00+00:00,2022-09-01 00:00:00+00:00
2022266N12294,2022,2022-09-23 06:00:00+00:00,2022-09-01 00:00:00+00:00
2022266N17341,2022,2022-09-23 12:00:00+00:00,2022-09-01 00:00:00+00:00
2022270N14324,2022,2022-09-28 00:00:00+00:00,2022-09-01 00:00:00+00:00
2022278N14331,2022,2022-10-04 12:00:00+00:00,2022-10-01 00:00:00+00:00
2022280N11294,2022,2022-10-07 00:00:00+00:00,2022-10-01 00:00:00+00:00
2022285N19266,2022,2022-10-11 12:00:00+00:00,2022-10-01 00:00:00+00:00
2022304N16287,2022,2022-10-31 12:00:00+00:00,2022-10-01 00:00:00+00:00
2022304N34296,2022,2022-11-01 12:00:00+00:00,2022-11-01 00:00:00+00:00
2022311N21293,2022,2022-11-07 06:00:00+00:00,2022-11-01 00:00:00+00:00
2023015N36289,2023,2023-01-16 12:00:00+00:00,2023-01-01 00:00:00+00:00
2023152N26274,2023,2023-06-01 12:00:00+00:00,2023-06-01 00:00:00+00:00
2023170N11323,2023,2023-06-19 06:00:00+00:00,2023-06-01 00:00:00+00:00
2023173N10320,2023,2023-06-22 00:00:00+00:00,2023-06-01 00:00:00+00:00
2023193N37305,2023,2023-07-14 00:00:00+00:00,2023-07-01 00:00:00+00:00
2023231N15313,2023,2023-08-19 06:00:00+00:00,2023-08-01 00:00:00+00:00
2023231N15327,2023,2023-08-20 00:00:00+00:00,2023-08-01 00:00:00+00:00
2023232N13300,2023,2023-08-20 06:00:00+00:00,2023-08-01 00:00:00+00:00
2023234N25271,2023,2023-08-21 18:00:00+00:00,2023-08-01 00:00:00+00:00
2023239N21274,2023,2023-08-26 12:00:00+00:00,2023-08-01 00:00:00+00:00
2023241N28308,2023,2023-08-29 00:00:00+00:00,2023-08-01 00:00:00+00:00
2023242N15339,2023,2023-08-31 18:00:00+00:00,2023-08-01 00:00:00+00:00
2023249N12320,2023,2023-09-05 12:00:00+00:00,2023-09-01 00:00:00+00:00
2023251N16334,2023,2023-09-07 12:00:00+00:00,2023-09-01 00:00:00+00:00
2023258N14318,2023,2023-09-15 06:00:00+00:00,2023-09-01 00:00:00+00:00
2023265N29284,2023,2023-09-22 18:00:00+00:00,2023-09-01 00:00:00+00:00
2023266N16323,2023,2023-09-23 06:00:00+00:00,2023-09-01 00:00:00+00:00
2023271N16316,2023,2023-09-28 06:00:00+00:00,2023-09-01 00:00:00+00:00
2023284N10330,2023,2023-10-10 18:00:00+00:00,2023-10-01 00:00:00+00:00
2023292N13309,2023,2023-10-18 18:00:00+00:00,2023-10-01 00:00:00+00:00
2023297N11277,2023,2023-10-23 12:00:00+00:00,2023-10-01 00:00:00+00:00
2024170N20267,2024,2024-06-19 12:00:00+00:00,2024-06-01 00:00:00+00:00
2024181N09320,2024,2024-06-28 12:00:00+00:00,2024-06-01 00:00:00+00:00
2024183N20265,2024,2024-06-30 18:00:00+00:00,2024-06-01 00:00:00+00:00
2024216N20284,2024,2024-08-03 00:00:00+00:00,2024-08-01 00:00:00+00:00
2024225N14313,2024,2024-08-12 12:00:00+00:00,2024-08-01 00:00:00+00:00
2024253N21266,2024,2024-09-09 12:00:00+00:00,2024-09-01 00:00:00+00:00
2024256N16332,2024,2024-09-11 12:00:00+00:00,2024-09-01 00:00:00+00:00
2024268N17278,2024,2024-09-24 12:00:00+00:00,2024-09-01 00:00:00+00:00
2024269N39302,2024,2024-09-25 18:00:00+00:00,2024-09-01 00:00:00+00:00
2024271N17319,2024,2024-09-27 06:00:00+00:00,2024-09-01 00:00:00+00:00
2024274N14328,2024,2024-09-29 18:00:00+00:00,2024-09-01 00:00:00+00:00
2024275N10336,2024,2024-10-02 06:00:00+00:00,2024-10-01 00:00:00+00:00
2024279N21265,2024,2024-10-05 12:00:00+00:00,2024-10-01 00:00:00+00:00
2024293N17275,2024,2024-10-19 00:00:00+00:00,2024-10-01 00:00:00+00:00
2024293N21294,2024,2024-10-19 00:00:00+00:00,2024-10-01 00:00:00+00:00
2024306N39319,2024,2024-11-01 18:00:00+00:00,2024-11-01 00:00:00+00:00
2024309N13283,2024,2024-11-04 12:00:00+00:00,2024-11-01 00:00:00+00:00
2024319N16282,2024,2024-11-14 06:00:00+00:00,2024-11-01 00:00:00+00:00
2025173N30302,2025,2025-06-23 06:00:00+00:00,2025-06-01 00:00:00+00:00
2025180N19266,2025,2025-06-28 18:00:00+00:00,2025-06-01 00:00:00+00:00
2025185N30280,2025,2025-07-04 18:00:00+00:00,2025-07-01 00:00:00+00:00
2025215N33284,2025,2025-08-03 18:00:00+00:00,2025-08-01 00:00:00+00:00
2025223N17337,2025,2025-08-11 00:00:00+00:00,2025-08-01 00:00:00+00:00
2025236N27298,2025,2025-08-23 18:00:00+00:00,2025-08-01 00:00:00+00:00
2025261N19312,2025,2025-09-17 18:00:00+00:00,2025-09-01 00:00:00+00:00
2025268N19306,2025,2025-09-24 12:00:00+00:00,2025-09-01 00:00:00+00:00
2025270N21285,2025,2025-09-28 00:00:00+00:00,2025-09-01 00:00:00+00:00
2025280N11319,2025,2025-10-07 06:00:00+00:00,2025-10-01 00:00:00+00:00
2025281N38324,2025,2025-10-09 12:00:00+00:00,2025-10-01 00:00:00+00:00
2025286N14320,2025,2025-10-13 06:00:00+00:00,2025-10-01 00:00:00+00:00
2025294N14290,2025,2025-10-21 06:00:00+00:00,2025-10-01 00:00:00+00:00
