horizon_hours,SID,SEASON,origins,storms,track_mean_km,track_median_km,track_p90_km,track_p95_km,wind_mae_kt,wind_rmse_kt,wind_bias_kt,storm_macro_track_mean_km,storm_macro_wind_mae_kt,storm_track_ci95_low_km,storm_track_ci95_high_km,storm_wind_mae_ci95_low_kt,storm_wind_mae_ci95_high_kt
6,2021241N32308,2021,2,1,84.78683469535594,84.78683469535594,87.96607654667064,88.36348177808497,2.842106089162314,3.3550017054466825,2.842106089162314,84.78683469535594,2.842106089162314,84.78683469535594,84.78683469535594,2.842106089162314,2.842106089162314
6,2021165N32282,2021,2,1,69.39522975966624,69.39522975966624,87.76394340338344,90.06003260884808,6.203403649214028,8.735357587443701,6.150142709354665,69.39522975966624,6.203403649214028,69.39522975966624,69.39522975966624,6.203403649214028,6.203403649214028
6,2021267N31298,2021,1,1,65.0244895898801,65.0244895898801,65.0244895898801,65.0244895898801,5.298470215416906,5.298470215416906,5.298470215416906,65.0244895898801,5.298470215416906,65.0244895898801,65.0244895898801,5.298470215416906,5.298470215416906
6,2020259N47338,2020,3,1,58.689538622642054,47.25174378922358,90.47688981198003,95.88003306482457,5.639378902603397,8.88837621229103,5.518538766204689,58.689538622642054,5.639378902603397,58.689538622642054,58.689538622642054,5.639378902603397,5.639378902603397
6,2023152N26274,2023,3,1,53.79411602083089,62.889904038553645,69.12371155887897,69.90293749891964,2.8079683400611373,4.001856315314414,2.8079683400611373,53.79411602083089,2.8079683400611373,53.79411602083089,53.79411602083089,2.8079683400611373,2.8079683400611373
6,2022304N34296,2022,3,1,52.564524593413545,54.0199262801254,57.4268442391914,57.852708984074646,4.001932306839261,4.095792644685303,-2.0591984680457074,52.564524593413545,4.001932306839261,52.564524593413545,52.564524593413545,4.001932306839261,4.001932306839261
6,2024268N17278,2024,8,1,50.14897329692963,49.069588851739006,93.33749754464588,97.68326299189424,10.94956154577799,14.376540987655341,3.734707460093084,50.14897329692963,10.94956154577799,50.14897329692963,50.14897329692963,10.94956154577799,10.94956154577799
6,2020186N30289,2020,5,1,49.0598632002912,40.47662823510183,76.9714199773425,82.29814402197665,2.8624639380447094,3.206589973751677,0.36759465264083957,49.0598632002912,2.8624639380447094,49.0598632002912,49.0598632002912,2.8624639380447094,2.8624639380447094
6,2025286N14320,2025,5,1,46.33190933275143,44.478559550927415,56.69070275024527,56.93564016181623,3.6049907085781343,5.109925703621981,1.3884048274913738,46.33190933275143,3.6049907085781343,46.33190933275143,46.33190933275143,3.6049907085781343,3.6049907085781343
6,2020299N18277,2020,16,1,45.65859880723433,35.92497553229543,85.28073860107568,99.44036670229326,5.080663885168878,6.110992405868705,0.46271343595355807,45.65859880723433,5.080663885168878,45.65859880723433,45.65859880723433,5.080663885168878,5.080663885168878
6,2022266N17341,2022,1,1,45.05683371024222,45.05683371024222,45.05683371024222,45.05683371024222,1.6330786227469822,1.6330786227469822,-1.6330786227469822,45.05683371024222,1.6330786227469822,45.05683371024222,45.05683371024222,1.6330786227469822,1.6330786227469822
6,2020291N32305,2020,23,1,44.40684400446262,37.734144422489436,82.09280940913993,86.79612897022109,2.960849081184898,4.2972284572209025,0.6674793293587351,44.40684400446262,2.960849081184898,44.40684400446262,44.40684400446262,2.960849081184898,2.960849081184898
6,2025281N38324,2025,1,1,44.234568084713764,44.234568084713764,44.234568084713764,44.234568084713764,4.030074451718498,4.030074451718498,4.030074451718498,44.234568084713764,4.030074451718498,44.234568084713764,44.234568084713764,4.030074451718498,4.030074451718498
6,2022278N14331,2022,5,1,43.55854538279894,47.06501359030602,50.71205996981241,51.57026867976897,0.11255311849877288,0.13536281352356147,-0.03527814319101097,43.55854538279894,0.11255311849877288,43.55854538279894,43.55854538279894,0.11255311849877288,0.11255311849877288
6,2022270N14324,2022,1,1,40.89556285639581,40.89556285639581,40.89556285639581,40.89556285639581,0.2681101246267268,0.2681101246267268,-0.2681101246267268,40.89556285639581,0.2681101246267268,40.89556285639581,40.89556285639581,0.2681101246267268,0.2681101246267268
6,2024279N21265,2024,16,1,40.487428376343914,35.04268646572841,69.05136699554956,74.99939433017335,11.808100386164815,15.377984101035134,-7.888230933774603,40.487428376343914,11.808100386164815,40.487428376343914,40.487428376343914,11.808100386164815,11.808100386164815
6,2024253N21266,2024,8,1,40.30026719328265,38.37877943082128,63.52713344480019,70.21443999318224,7.878608671652883,9.16096611304973,-0.43565356878540396,40.30026719328265,7.878608671652883,40.30026719328265,40.30026719328265,7.878608671652883,7.878608671652883
6,2022311N21293,2022,13,1,40.115967040006964,37.743858308323524,78.89137733773785,85.3677946070456,5.195520431089734,5.966085452150554,1.4405357988677556,40.115967040006964,5.195520431089734,40.115967040006964,40.115967040006964,5.195520431089734,5.195520431089734
6,2022263N29314,2022,17,1,39.74921228895145,34.36585985946645,67.60683068206389,69.78173508399868,2.2426549946104966,2.8543214255005176,-0.3025373506226739,39.74921228895145,2.2426549946104966,39.74921228895145,39.74921228895145,2.2426549946104966,2.2426549946104966
6,2021179N30287,2021,1,1,39.3975918693693,39.3975918693693,39.3975918693693,39.3975918693693,9.69521118410448,9.69521118410448,9.69521118410448,39.3975918693693,9.69521118410448,39.3975918693693,39.3975918693693,9.69521118410448,9.69521118410448
6,2024293N21294,2024,10,1,38.8948559442634,33.612961664312124,70.73564195476614,77.35857643724994,5.841950130481604,7.895114905413982,3.2160249481993803,38.8948559442634,5.841950130481604,38.8948559442634,38.8948559442634,5.841950130481604,5.841950130481604
6,2023239N21274,2023,15,1,38.66668083081935,30.829806504630742,65.38596802165199,70.03333250984156,5.551914071952544,9.255289187971771,0.9214965920881752,38.66668083081935,5.551914071952544,38.66668083081935,38.66668083081935,5.551914071952544,5.551914071952544
6,2022285N19266,2022,9,1,37.34511442650115,44.08658891524423,55.7742351884226,62.135147828247625,3.8230159025384722,4.098344311590598,0.09517811228858225,37.34511442650115,3.8230159025384722,37.34511442650115,37.34511442650115,3.8230159025384722,3.8230159025384722
6,2021299N33284,2021,27,1,37.06425843634422,31.036944773506253,69.53295343740682,94.49277407086548,2.460519905631685,3.1899974946527534,0.6777792758840464,37.06425843634422,2.460519905631685,37.06425843634422,37.06425843634422,2.460519905631685,2.460519905631685
6,2020306N15288,2020,37,1,37.03343696237776,32.889046560570776,62.29669105914312,65.58806387927298,5.113636897625597,6.553058627809422,0.05131461682796401,37.03343696237776,5.113636897625597,37.03343696237776,37.03343696237776,5.113636897625597,5.113636897625597
6,2020138N28281,2020,6,1,36.54210463227039,34.369599984560566,45.829794558929116,49.60491229954811,2.8424125974265366,3.302351140590946,-0.46371896431159004,36.54210463227039,2.8424125974265366,36.54210463227039,36.54210463227039,2.8424125974265366,2.8424125974265366
6,2020261N21265,2020,17,1,35.933154814216095,33.64519974991269,56.96545792176397,65.16854437512555,4.153499082797733,4.927377783805962,-1.2686340190679044,35.933154814216095,4.153499082797733,35.933154814216095,35.933154814216095,4.153499082797733,4.153499082797733
6,2023271N16316,2023,9,1,34.30656463979319,30.251013744177367,60.12220504721959,62.107623129721645,1.883513884164127,2.353778161809904,0.28822749449467167,34.30656463979319,1.883513884164127,34.30656463979319,34.30656463979319,1.883513884164127,1.883513884164127
6,2022246N18301,2022,27,1,33.66492893879226,27.28702509251612,68.40326657309527,82.1584711506076,3.5040766436347996,4.209700888962516,-0.13563889353134145,33.66492893879226,3.5040766436347996,33.66492893879226,33.66492893879226,3.5040766436347996,3.5040766436347996
6,2025270N21285,2025,13,1,33.30146581875644,27.331174769951073,46.92389505437704,60.90527522390658,2.558662620872536,3.58283453228847,-0.12760958234431888,33.30146581875644,2.558662620872536,33.30146581875644,33.30146581875644,2.558662620872536,2.558662620872536
6,2020256N11329,2020,39,1,33.0548322404555,18.64401977436037,83.07997689609952,98.94492234414078,3.296335826105477,4.1786633072830615,-0.7735015952242095,33.0548322404555,3.296335826105477,33.0548322404555,33.0548322404555,3.296335826105477,3.296335826105477
6,2023234N25271,2023,2,1,32.99118892494942,32.99118892494942,50.62373013668788,52.82779778815518,2.714390333271032,3.3530331216928957,-1.968480691755543,32.99118892494942,2.714390333271032,32.99118892494942,32.99118892494942,2.714390333271032,2.714390333271032
6,2021169N23268,2021,8,1,32.271239926311516,33.8629018288233,48.86999930133918,50.53872850459839,2.4331332978694618,3.4578659453968292,-0.9919274456391887,32.271239926311516,2.4331332978694618,32.271239926311516,32.271239926311516,2.4331332978694618,2.4331332978694618
6,2022257N16312,2022,34,1,32.258438375424596,24.95763310377645,56.341333265766025,65.96486876303311,4.215527470116407,5.167286858746019,-1.2864559506662028,32.258438375424596,4.215527470116407,32.258438375424596,32.258438375424596,4.215527470116407,4.215527470116407
6,2023241N28308,2023,11,1,32.20508082485535,28.034304711041763,46.00451703347105,73.12561789235608,1.8967876590023023,2.729105089104482,-0.008424763582483634,32.20508082485535,1.8967876590023023,32.20508082485535,32.20508082485535,1.8967876590023023,1.8967876590023023
6,2025268N19306,2025,23,1,31.478495335076182,29.158027277313302,57.38458800305464,61.0123493710402,4.537469767014028,5.875896106463201,-0.5562648068574659,31.478495335076182,4.537469767014028,31.478495335076182,31.478495335076182,4.537469767014028,4.537469767014028
6,2020279N16284,2020,19,1,31.351825070907143,32.036042117753,43.72483357793708,44.5810095990721,6.428472918289413,9.041468523612595,0.24387220401139137,31.351825070907143,6.428472918289413,31.351825070907143,31.351825070907143,6.428472918289413,6.428472918289413
6,2021225N15313,2021,29,1,31.21447386251397,25.401571763181714,55.25207494014069,67.04979898407726,4.8783138529892724,6.334655537086881,-0.6809330704649519,31.21447386251397,4.8783138529892724,31.21447386251397,31.21447386251397,4.8783138529892724,4.8783138529892724
6,2020154N19269,2020,28,1,30.59039230083826,28.547380666867937,62.12749130428538,64.65470756092672,2.8749663810136568,3.706067221329083,-0.38256375988636154,30.59039230083826,2.8749663810136568,30.59039230083826,30.59039230083826,2.8749663810136568,2.8749663810136568
6,2022266N12294,2022,26,1,30.135052649338515,29.932009431957326,55.41252190473845,60.02831040482148,6.278135373238725,8.772501147769432,-0.09374536536181075,30.135052649338515,6.278135373238725,30.135052649338515,30.135052649338515,6.278135373238725,6.278135373238725
6,2020276N17277,2020,13,1,29.476214910520863,25.108355689595953,48.44778023988363,51.9705536162699,4.983426244263793,6.635439372965794,1.8091137746311883,29.476214910520863,4.983426244263793,29.476214910520863,29.476214910520863,4.983426244263793,4.983426244263793
6,2021227N36297,2021,27,1,29.403297238282903,18.701408888489656,69.20926825556124,91.71003861138229,3.1847432704490446,3.929132383868916,0.7077240695698583,29.403297238282903,3.1847432704490446,29.403297238282903,29.403297238282903,3.1847432704490446,3.1847432704490446
6,2024225N14313,2024,27,1,29.119244730691072,26.006068145143978,43.669695560060894,63.05497425147367,2.922143543325325,3.706062464522982,-0.1921433520876479,29.119244730691072,2.922143543325325,29.119244730691072,29.119244730691072,2.922143543325325,2.922143543325325
6,2020244N30279,2020,17,1,28.87943081112013,29.036280282399876,45.1773394599289,51.97504554726266,1.798429362074781,2.3267689523848962,1.1575903551117193,28.87943081112013,1.798429362074781,28.87943081112013,28.87943081112013,1.798429362074781,1.798429362074781
6,2020188N28271,2020,1,1,28.80819263441303,28.80819263441303,28.80819263441303,28.80819263441303,10.60068644021095,10.60068644021095,10.60068644021095,28.80819263441303,10.60068644021095,28.80819263441303,28.80819263441303,10.60068644021095,10.60068644021095
6,2024271N17319,2024,10,1,28.71629805745686,16.012871439946316,64.86815686450277,65.12487575406087,1.9947626443481496,2.4544938593305607,0.36516178749313327,28.71629805745686,1.9947626443481496,28.71629805745686,28.71629805745686,1.9947626443481496,1.9947626443481496
6,2020234N14280,2020,11,1,28.698318116383874,21.322068185082678,48.04032301817808,57.634692987349055,4.391477652512632,5.954024181712142,1.733987361605738,28.698318116383874,4.391477652512632,28.698318116383874,28.698318116383874,4.391477652512632,4.391477652512632
6,2024319N16282,2024,11,1,28.61817990167066,20.70625790572771,51.11954162218364,71.2978976883374,2.903001798982207,3.5070803282106424,1.2468565184334117,28.61817990167066,2.903001798982207,28.61817990167066,28.61817990167066,2.903001798982207,2.903001798982207
6,2023232N13300,2023,45,1,28.500572117321138,24.022192927668886,50.32152189411025,67.82307284405529,3.8561678902974568,4.975541818570777,-0.304435174250654,28.500572117321138,3.8561678902974568,28.500572117321138,28.500572117321138,3.8561678902974568,3.8561678902974568
6,2024216N20284,2024,19,1,28.097740084802737,27.15327137584757,48.71177617425219,50.709377009436686,3.9177266632638155,4.377668051243116,-0.25470628481119656,28.097740084802737,3.9177266632638155,28.097740084802737,28.097740084802737,3.9177266632638155,3.9177266632638155
6,2020314N28313,2020,17,1,28.092721441130426,20.92663250944392,58.494614613843474,71.86758011191044,2.9835064373930003,3.330574449105164,-0.14316241635173263,28.092721441130426,2.9835064373930003,28.092721441130426,28.092721441130426,2.9835064373930003,2.9835064373930003
6,2023292N13309,2023,36,1,27.519961449147488,21.953698996691273,53.51790329100807,63.214887806961116,3.486721804571485,4.5780734954464535,0.43192894734252757,27.519961449147488,3.486721804571485,27.519961449147488,27.519961449147488,3.486721804571485,3.486721804571485
6,2020318N16289,2020,16,1,27.486970851399,25.24740101877153,54.71266406049578,58.31038229424649,8.689439661027631,10.689984241917454,0.624231426159195,27.486970851399,8.689439661027631,27.486970851399,27.486970851399,8.689439661027631,8.689439661027631
6,2021182N09317,2021,31,1,27.391631248840643,20.546701014706425,48.14524198457082,66.37482313650248,3.949860917440286,5.370543450302006,1.2974578716788747,27.391631248840643,3.949860917440286,27.391631248840643,27.391631248840643,3.949860917440286,3.949860917440286
6,2024309N13283,2024,19,1,27.33603029902016,24.613377813573187,44.56159132982472,48.08161630175692,4.191390787399714,6.281865163297486,0.8517750670930413,27.33603029902016,4.191390787399714,27.33603029902016,27.33603029902016,4.191390787399714,4.191390787399714
6,2023193N37305,2023,36,1,27.320114809114305,26.522971585928765,52.085197141933904,59.26704272594782,2.565095782087136,3.48022470315367,0.6174720219761831,27.320114809114305,2.565095782087136,27.320114809114305,27.320114809114305,2.565095782087136,2.565095782087136
6,2021256N21265,2021,8,1,27.31125626249502,25.4484498408539,40.594882729297574,44.6376862663608,6.3976153501773325,7.1152216071739245,-2.6177329426503686,27.31125626249502,6.3976153501773325,27.31125626249502,27.31125626249502,6.3976153501773325,6.3976153501773325
6,2025294N14290,2025,36,1,27.300166077835208,21.97286411583355,44.31976445701827,81.01251310547758,5.214453760967036,7.907909380241655,-0.3020747558207122,27.300166077835208,5.214453760967036,27.300166077835208,27.300166077835208,5.214453760967036,5.214453760967036
6,2024269N39302,2024,13,1,26.585668017052203,24.721602235020406,43.96562085113946,50.46854699057229,2.688586176344899,3.501519464778219,-1.9457649226913405,26.585668017052203,2.688586176344899,26.585668017052203,26.585668017052203,2.688586176344899,2.688586176344899
6,2025185N30280,2025,6,1,26.523250085887412,23.49497958831791,38.82461089043217,43.11464845698366,4.675543723131579,7.519628966239762,2.4608372492524198,26.523250085887412,4.675543723131579,26.523250085887412,26.523250085887412,4.675543723131579,4.675543723131579
6,2020224N11326,2020,17,1,26.262852232635783,18.490409973233845,56.90963536111277,62.19417412761345,2.7041706640853374,3.7626193426191743,0.2532035875075477,26.262852232635783,2.7041706640853374,26.262852232635783,26.262852232635783,2.7041706640853374,2.7041706640853374
6,2021240N13313,2021,13,1,25.9667684860726,21.311210867478533,37.60032673408271,55.17491526496772,2.2318773254075324,3.368753911322681,-0.09141557883281565,25.9667684860726,2.2318773254075324,25.9667684860726,25.9667684860726,2.2318773254075324,2.2318773254075324
6,2020233N14313,2020,32,1,25.868810557266684,21.116759316794266,45.59976110157873,64.09014992906187,4.396328822622046,6.31748357770684,-1.5487943526749,25.868810557266684,4.396328822622046,25.868810557266684,25.868810557266684,4.396328822622046,4.396328822622046
6,2024306N39319,2024,6,1,25.800302713984678,23.03982060109916,44.38728462907724,47.607431947832985,4.086951363759563,4.615385152906211,2.294432802694042,25.800302713984678,4.086951363759563,25.800302713984678,25.800302713984678,4.086951363759563,4.086951363759563
6,2023258N14318,2023,23,1,25.764518095717346,23.61620688444559,44.522342773859855,50.96614804264667,2.5601513976303023,3.370830100721309,-0.2492835218172501,25.764518095717346,2.5601513976303023,25.764518095717346,25.764518095717346,2.5601513976303023,2.5601513976303023
6,2020203N09323,2020,12,1,25.238769763986465,19.836500782776753,41.925780753297026,51.167148147968284,2.9944300448896173,3.8339234344055746,1.51205311363319,25.238769763986465,2.9944300448896173,25.238769763986465,25.238769763986465,2.9944300448896173,2.9944300448896173
6,2024274N14328,2024,26,1,25.0784150211928,21.731900190529508,38.082422046124854,62.02991554023866,3.9269548505372263,5.371980970033278,-0.97949093231817,25.0784150211928,3.9269548505372263,25.0784150211928,25.0784150211928,3.9269548505372263,3.9269548505372263
6,2020211N13306,2020,19,1,24.97555051716472,19.012952903535293,48.55745686523098,56.36958152200212,5.930153312847999,7.642241902567805,1.3175094127907119,24.97555051716472,5.930153312847999,24.97555051716472,24.97555051716472,5.930153312847999,5.930153312847999
6,2021222N14301,2021,12,1,24.917854149420446,20.950807617508232,41.230456063462924,46.25362785145154,3.649616212213187,4.52346965136935,0.6840044616800833,24.917854149420446,3.649616212213187,24.917854149420446,24.917854149420446,3.649616212213187,3.649616212213187
6,2021272N07338,2021,15,1,24.723878062729806,25.077670886308304,35.130972186552775,44.989676814384026,2.925481999023819,3.539646917441454,1.108499165512331,24.723878062729806,2.925481999023819,24.723878062729806,24.723878062729806,2.925481999023819,2.925481999023819
6,2023266N16323,2023,48,1,24.576116852051328,22.71894362377742,45.67700155971793,48.79862536169159,2.3138100670168718,2.9855886422494637,0.32087910226433713,24.576116852051328,2.3138100670168718,24.576116852051328,24.576116852051328,2.3138100670168718,2.3138100670168718
6,2025223N17337,2025,42,1,24.50723131332712,21.822371297438163,46.37800885884996,50.995471630059754,4.066027219397914,5.9884480574563685,0.23754547111568888,24.50723131332712,4.066027219397914,24.50723131332712,24.50723131332712,4.066027219397914,4.066027219397914
6,2025236N27298,2025,11,1,24.468599736794953,19.977432528712107,37.80396114640546,44.2677290579751,3.6515103969623324,3.9696665190421387,-0.2483291915683859,24.468599736794953,3.6515103969623324,24.468599736794953,24.468599736794953,3.6515103969623324,3.6515103969623324
6,2021266N10327,2021,45,1,23.459327443210547,20.230220117824683,38.07813557451445,49.46282631478311,3.8900714369529,4.918159766783833,-1.7889383968584562,23.459327443210547,3.8900714369529,23.459327443210547,23.459327443210547,3.8900714369529,3.8900714369529
6,2020205N26272,2020,11,1,23.402126184669633,24.358770203389973,34.979240352946334,37.97790406209581,4.230398957472527,5.451299365512072,-3.502091632222081,23.402126184669633,4.230398957472527,23.402126184669633,23.402126184669633,4.230398957472527,4.230398957472527
6,2024181N09320,2024,39,1,23.322712469830634,23.168887023775685,35.60527976318753,49.69543433834494,5.947337208886968,7.479675914164314,1.0228114074300998,23.322712469830634,5.947337208886968,23.322712469830634,23.322712469830634,5.947337208886968,5.947337208886968
6,2020251N17319,2020,35,1,23.148075637956516,15.194959322179416,45.047440306447854,54.385330977429675,2.6807097121142047,3.327529947864329,-0.05244295807939454,23.148075637956516,2.6807097121142047,23.148075637956516,23.148075637956516,2.6807097121142047,2.6807097121142047
6,2025261N19312,2025,27,1,23.049443850349878,17.82827200617863,44.26058199985254,49.39611895195318,2.7635138679567257,3.97498904879331,-1.5182503846829374,23.049443850349878,2.7635138679567257,23.049443850349878,23.049443850349878,2.7635138679567257,2.7635138679567257
6,2021239N17281,2021,19,1,22.819452842440803,23.543537395764524,35.736528696622955,41.7148241875358,4.67320026985444,6.139489631100603,-1.6339405429067977,22.819452842440803,4.67320026985444,22.819452842440803,22.819452842440803,4.67320026985444,4.67320026985444
6,2024256N16332,2024,19,1,22.748195307156497,16.735935948462075,44.6773433830084,49.19767923753137,1.7547059117075867,2.4858400523687734,-0.24466616009171105,22.748195307156497,1.7547059117075867,22.748195307156497,22.748195307156497,1.7547059117075867,1.7547059117075867
6,2020245N16285,2020,6,1,22.65394146467338,20.067745359618208,32.499168785782494,33.89460113894244,6.959188500555457,10.30838128248005,2.0886285698150133,22.65394146467338,6.959188500555457,22.65394146467338,22.65394146467338,6.959188500555457,6.959188500555457
6,2022280N11294,2022,7,1,22.47774035160284,20.09583874295153,31.40300214480759,35.349520068279034,6.24145124855994,8.209291439995745,1.7239248208377032,22.47774035160284,6.24145124855994,22.47774035160284,22.47774035160284,6.24145124855994,6.24145124855994
6,2025280N11319,2025,13,1,22.375460705520013,26.459601264867977,35.62982725316493,41.144560055721215,2.5735690175021086,3.6424409366799804,0.46795601368285517,22.375460705520013,2.5735690175021086,22.375460705520013,22.375460705520013,2.5735690175021086,2.5735690175021086
6,2021262N10333,2021,9,1,22.247133646617005,19.387245073307454,39.20902745667818,41.577509529024816,3.8784379113530636,6.064260777423468,0.9035444288443494,22.247133646617005,3.8784379113530636,22.247133646617005,22.247133646617005,3.8784379113530636,3.8784379113530636
6,2022154N21273,2022,1,1,22.202509310682828,22.202509310682828,22.202509310682828,22.202509310682828,6.510341976051528,6.510341976051528,6.510341976051528,22.202509310682828,6.510341976051528,22.202509310682828,22.202509310682828,6.510341976051528,6.510341976051528
6,2020258N18332,2020,11,1,22.10475614047755,20.65918731678394,35.89295232447808,43.51004983614159,1.9449221262578598,2.4607000403366177,0.7111156922069181,22.10475614047755,1.9449221262578598,22.10475614047755,22.10475614047755,1.9449221262578598,1.9449221262578598
6,2020261N10335,2020,9,1,21.8973607150979,20.826593186469378,35.12389765144525,40.07963688752208,1.1619113083044492,1.9375905661681576,0.8643039259954767,21.8973607150979,1.1619113083044492,21.8973607150979,21.8973607150979,1.1619113083044492,1.1619113083044492
6,2022304N16287,2022,15,1,21.615974250403518,17.655546094636684,38.33761638336168,45.88766638861159,4.360775795921947,6.2715810389808055,2.036786701876717,21.615974250403518,4.360775795921947,21.615974250403518,21.615974250403518,4.360775795921947,4.360775795921947
6,2023249N12320,2023,38,1,21.251956624654458,17.327016610068817,42.424790000117454,55.153328739584005,3.7171079485177105,5.716339490922258,0.28686837350958877,21.251956624654458,3.7171079485177105,21.251956624654458,21.251956624654458,3.7171079485177105,3.7171079485177105
6,2024275N10336,2024,36,1,21.236833318609083,17.96290117307003,42.90140371595176,49.76188264771022,2.590396395719112,3.4561761803249493,0.4865984167146643,21.236833318609083,2.590396395719112,21.236833318609083,21.236833318609083,2.590396395719112,2.590396395719112
6,2023231N15313,2023,18,1,21.112895175796382,17.81730253500391,34.72183388003868,40.379817003249734,2.703768387287367,3.185264720508812,0.3977524126647716,21.112895175796382,2.703768387287367,21.112895175796382,21.112895175796382,2.703768387287367,2.703768387287367
6,2023242N15339,2023,9,1,20.94760144999377,21.762957589098534,28.756992240627802,31.894172344957585,3.3101698209129227,4.052996769661795,0.7734273093557332,20.94760144999377,3.3101698209129227,20.94760144999377,20.94760144999377,3.3101698209129227,3.3101698209129227
6,2025215N33284,2025,8,1,19.59514795063043,21.333581279106138,26.723707731802772,29.86412896426637,2.769469290773011,3.292696669121606,-0.648841864406525,19.59514795063043,2.769469290773011,19.59514795063043,19.59514795063043,2.769469290773011,2.769469290773011
6,2021244N12339,2021,38,1,19.06488622136873,14.133802199859613,36.61303679114677,44.105263015689076,2.9811741288029316,3.747113819401319,0.907678029956363,19.06488622136873,2.9811741288029316,19.06488622136873,19.06488622136873,2.9811741288029316,2.9811741288029316
6,2023173N10320,2023,12,1,18.755522409730876,19.237601236096186,23.19763088758415,31.654737742513294,2.953848538955801,3.182928317143104,0.8375394676913217,18.755522409730876,2.953848538955801,18.755522409730876,18.755522409730876,2.953848538955801,2.953848538955801
6,2023170N11323,2023,17,1,18.704704655823402,15.837397868750791,32.80662622879441,33.309189286722535,3.269691053768157,3.46845150677951,0.09105865644022432,18.704704655823402,3.269691053768157,18.704704655823402,18.704704655823402,3.269691053768157,3.269691053768157
6,2020251N15342,2020,25,1,18.476039890628815,14.20675529952576,34.69968684490774,41.0052030812086,1.9770261324524767,2.6691658653522428,0.09114383310484456,18.476039890628815,1.9770261324524767,18.476039890628815,18.476039890628815,1.9770261324524767,1.9770261324524767
6,2020256N25281,2020,18,1,17.797182824238803,18.38465430909266,28.241572797537614,33.28463568227791,7.175655320408037,8.916512923870437,0.5653314776253617,17.797182824238803,7.175655320408037,17.797182824238803,17.797182824238803,7.175655320408037,7.175655320408037
6,2023251N16334,2023,33,1,17.280805855721244,18.656815297904057,24.55038233021306,25.429786618785208,2.7283580055424803,3.303891844518839,-0.04561674118838319,17.280805855721244,2.7283580055424803,17.280805855721244,17.280805855721244,2.7283580055424803,2.7283580055424803
6,2021262N16307,2021,11,1,16.854736579862987,18.05270045761854,20.403174486799635,23.389582630081378,1.365299119343688,1.8006093971340145,0.49424312428296735,16.854736579862987,1.365299119343688,16.854736579862987,16.854736579862987,1.365299119343688,1.365299119343688
6,2023284N10330,2023,14,1,16.64218057907727,11.10616663703744,42.77396516142137,52.82273169354231,2.0960772639911562,2.732610572599466,-0.08442186795754125,16.64218057907727,2.0960772639911562,16.64218057907727,16.64218057907727,2.0960772639911562,2.0960772639911562
6,2022244N38313,2022,24,1,16.396089118400003,15.9116784298445,25.220672687545907,27.89756330434871,2.985759473801084,3.6490754445531244,-0.8529724629170813,16.396089118400003,2.985759473801084,16.396089118400003,16.396089118400003,2.985759473801084,2.985759473801084
6,2025173N30302,2025,1,1,15.348220680578162,15.348220680578162,15.348220680578162,15.348220680578162,0.5090025572385173,0.5090025572385173,0.5090025572385173,15.348220680578162,0.5090025572385173,15.348220680578162,15.348220680578162,0.5090025572385173,0.5090025572385173
6,2025180N19266,2025,2,1,13.192021286285893,13.192021286285893,15.40448020224084,15.681037566735208,8.279144369533482,8.392351064930212,8.279144369533482,13.192021286285893,8.279144369533482,13.192021286285893,13.192021286285893,8.279144369533482,8.279144369533482
6,2020174N39293,2020,2,1,12.502278941609237,12.502278941609237,15.270156412424996,15.616141096276964,5.128644321293201,5.416021397261953,5.128644321293201,12.502278941609237,5.128644321293201,12.502278941609237,12.502278941609237,5.128644321293201,5.128644321293201
6,2021140N30305,2021,1,1,11.210873342675734,11.210873342675734,11.210873342675734,11.210873342675734,6.367777529454514,6.367777529454514,6.367777529454514,11.210873342675734,6.367777529454514,11.210873342675734,11.210873342675734,6.367777529454514,6.367777529454514
6,2020228N37286,2020,1,1,5.445732302922816,5.445732302922816,5.445732302922816,5.445732302922816,7.186702353226281,7.186702353226281,7.186702353226281,5.445732302922816,7.186702353226281,5.445732302922816,5.445732302922816,7.186702353226281,7.186702353226281
12,2020259N47338,2020,2,1,158.09199729716124,158.09199729716124,179.62906069250351,182.3211936169213,6.0733059200919755,8.514747242540235,6.0733059200919755,158.09199729716124,6.0733059200919755,158.09199729716124,158.09199729716124,6.0733059200919755,6.0733059200919755
12,2023152N26274,2023,2,1,136.22155177844945,136.22155177844945,177.8254983587375,183.0259916812735,4.901300912689496,5.2759628488873265,4.901300912689496,136.22155177844945,4.901300912689496,136.22155177844945,136.22155177844945,4.901300912689496,4.901300912689496
12,2025286N14320,2025,4,1,129.24804986961132,134.77594705792154,146.27286342338246,148.04619709474838,5.663184003584254,8.779242192381144,2.8703625053408697,129.24804986961132,5.663184003584254,129.24804986961132,129.24804986961132,5.663184003584254,5.663184003584254
12,2022304N34296,2022,2,1,124.87326120163446,124.87326120163446,150.4628551393561,153.66155438157128,2.4807416920308754,2.4893850824833854,-2.4807416920308754,124.87326120163446,2.4807416920308754,124.87326120163446,124.87326120163446,2.4807416920308754,2.4807416920308754
12,2020299N18277,2020,15,1,118.86615637586803,87.07420210180393,242.78013693525273,250.02819893229008,9.005664720865628,11.335744800541548,0.012275672577629375,118.86615637586803,9.005664720865628,118.86615637586803,118.86615637586803,9.005664720865628,9.005664720865628
12,2020186N30289,2020,4,1,118.08185941755806,106.70789603249673,176.8750443059655,185.5913207659077,1.4912399112447599,1.7635163680907167,-0.07647018334554012,118.08185941755806,1.4912399112447599,118.08185941755806,118.08185941755806,1.4912399112447599,1.4912399112447599
12,2024268N17278,2024,7,1,115.2431674251251,124.29323742150352,171.22369176000393,173.42018016425538,19.598709603183835,23.735673955398386,3.7895008041697054,115.2431674251251,19.598709603183835,115.2431674251251,115.2431674251251,19.598709603183835,19.598709603183835
12,2022278N14331,2022,4,1,103.9330187218043,109.10272351080212,155.4480516534369,157.0833500174612,0.4634527444668519,0.5396178989938479,0.04821711012851271,103.9330187218043,0.4634527444668519,103.9330187218043,103.9330187218043,0.4634527444668519,0.4634527444668519
12,2022285N19266,2022,8,1,102.3478989620932,100.35727953427458,162.71416775086323,166.03921575664205,4.493140897338565,6.149353254450555,1.7226093736939565,102.3478989620932,4.493140897338565,102.3478989620932,102.3478989620932,4.493140897338565,4.493140897338565
12,2022263N29314,2022,16,1,100.80988982819648,98.51174664229455,151.7126233502364,154.85265392365525,3.678395216497911,4.38477693279272,-2.2903150991387826,100.80988982819648,3.678395216497911,100.80988982819648,100.80988982819648,3.678395216497911,3.678395216497911
12,2020291N32305,2020,22,1,97.669222873037,90.3407562231555,193.8562511751235,225.82839983000758,4.9019131015164925,7.4330526684373845,1.7565481871862758,97.669222873037,4.9019131015164925,97.669222873037,97.669222873037,4.9019131015164925,4.9019131015164925
12,2021299N33284,2021,26,1,97.66056287425938,89.90068824203158,171.05270829080058,192.5245923636168,4.286600790250818,4.987433187328282,1.5837167531965854,97.66056287425938,4.286600790250818,97.66056287425938,97.66056287425938,4.286600790250818,4.286600790250818
12,2024293N21294,2024,9,1,95.63451505111523,82.38616179357788,149.98358817384934,176.0004263892137,9.623522913060974,12.92825257143793,7.803381068928925,95.63451505111523,9.623522913060974,95.63451505111523,95.63451505111523,9.623522913060974,9.623522913060974
12,2020138N28281,2020,5,1,94.96277434403638,81.68656615810912,124.05142123260725,127.5633683155708,3.1006483076211198,3.3331935850918835,-1.4009508448773318,94.96277434403638,3.1006483076211198,94.96277434403638,94.96277434403638,3.1006483076211198,3.1006483076211198
12,2020306N15288,2020,35,1,93.80061968058322,89.35711354751372,178.49513952649983,183.71406703824692,10.977667293813305,13.7247334279846,-1.7796273417353001,93.80061968058322,10.977667293813305,93.80061968058322,93.80061968058322,10.977667293813305,10.977667293813305
12,2023239N21274,2023,14,1,91.51728870983344,88.95064644974909,135.05346845870525,136.1979492808133,7.211254066173871,9.441794887072065,-0.7278701306533212,91.51728870983344,7.211254066173871,91.51728870983344,91.51728870983344,7.211254066173871,7.211254066173871
12,2023241N28308,2023,10,1,90.68789718978567,72.37137369954308,170.48969031783204,212.8530482479629,5.515736702260835,6.957157927931538,0.1438778390115651,90.68789718978567,5.515736702260835,90.68789718978567,90.68789718978567,5.515736702260835,5.515736702260835
12,2023234N25271,2023,1,1,88.89915596334066,88.89915596334066,88.89915596334066,88.89915596334066,2.608031231729953,2.608031231729953,2.608031231729953,88.89915596334066,2.608031231729953,88.89915596334066,88.89915596334066,2.608031231729953,2.608031231729953
12,2022311N21293,2022,12,1,87.86685201092853,69.76446779342366,144.34835837255883,177.55065155383676,10.599963969796457,12.870276001066763,4.035812403466339,87.86685201092853,10.599963969796457,87.86685201092853,87.86685201092853,10.599963969796457,10.599963969796457
12,2024279N21265,2024,15,1,84.02535312203196,78.13027216965313,138.56591603470744,159.28649701235852,22.44969579463736,28.51257121820457,-15.604630533622025,84.02535312203196,22.44969579463736,84.02535312203196,84.02535312203196,22.44969579463736,22.44969579463736
12,2023271N16316,2023,8,1,83.91389582618372,87.13641768825765,122.16544126324796,123.12403724646836,2.3789281902255084,2.8474862563537067,1.7729766521701986,83.91389582618372,2.3789281902255084,83.91389582618372,83.91389582618372,2.3789281902255084,2.3789281902255084
12,2020276N17277,2020,12,1,83.80128146314496,79.15919562797004,137.68558121660172,141.88820759276857,10.347868858460338,12.300472386447533,5.155397180001514,83.80128146314496,10.347868858460338,83.80128146314496,83.80128146314496,10.347868858460338,10.347868858460338
12,2020154N19269,2020,27,1,81.23518874744083,65.33737702837773,158.4451469592826,186.18997051996877,4.318339776060368,5.294376478886179,0.2605896743703267,81.23518874744083,4.318339776060368,81.23518874744083,81.23518874744083,4.318339776060368,4.318339776060368
12,2025270N21285,2025,12,1,81.2319936367877,77.83932204297744,102.86270565152921,134.4168327668598,3.862451230043447,4.848182320650424,-0.8077756749980995,81.2319936367877,3.862451230043447,81.2319936367877,81.2319936367877,3.862451230043447,3.862451230043447
12,2021227N36297,2021,26,1,77.51286986513476,47.812085839168894,175.2686249282388,201.12135994876107,5.663448414801595,7.7446638003332975,1.6063541767881326,77.51286986513476,5.663448414801595,77.51286986513476,77.51286986513476,5.663448414801595,5.663448414801595
12,2020256N11329,2020,38,1,77.49156641135107,51.80165293914523,174.22685703954548,240.5986021840446,5.5769998438917865,7.407459492486718,-1.615932511333994,77.49156641135107,5.5769998438917865,77.49156641135107,77.49156641135107,5.5769998438917865,5.5769998438917865
12,2024253N21266,2024,7,1,77.22318582461946,75.10830742201344,129.54443513072928,142.4479835160936,16.058455587380244,18.83395301980841,-0.8342645119738928,77.22318582461946,16.058455587380244,77.22318582461946,77.22318582461946,16.058455587380244,16.058455587380244
12,2024216N20284,2024,18,1,76.63696713617064,72.50426127910518,107.41708383558485,118.3129329306916,7.1027093900705855,8.507824859996653,-0.9997140120294392,76.63696713617064,7.1027093900705855,76.63696713617064,76.63696713617064,7.1027093900705855,7.1027093900705855
12,2024306N39319,2024,5,1,75.7336717968325,63.084467547457336,113.23217533947835,123.97262338447429,5.7190840663049745,7.220746748830615,3.072507929248458,75.7336717968325,5.7190840663049745,75.7336717968325,75.7336717968325,5.7190840663049745,5.7190840663049745
12,2022246N18301,2022,26,1,75.09443690150398,48.85640956063618,149.92925269735343,206.01010975708667,5.992348527186665,7.512065923169822,-0.1774364582838247,75.09443690150398,5.992348527186665,75.09443690150398,75.09443690150398,5.992348527186665,5.992348527186665
12,2020261N21265,2020,16,1,75.0712598103461,62.646075857784155,119.11720414239633,152.43757366632585,5.669932087698196,7.113771761696446,-1.475930954579404,75.0712598103461,5.669932087698196,75.0712598103461,75.0712598103461,5.669932087698196,5.669932087698196
12,2021169N23268,2021,7,1,74.93127125056472,68.17632207624646,118.81977163642891,122.78551915354919,4.485227874255676,5.989095694033318,-1.3470695989749477,74.93127125056472,4.485227874255676,74.93127125056472,74.93127125056472,4.485227874255676,4.485227874255676
12,2024319N16282,2024,10,1,72.92239077739637,73.45801708682737,124.32242939630841,144.60803094690036,4.354798245330537,5.291892192467418,3.357829598818365,72.92239077739637,4.354798245330537,72.92239077739637,72.92239077739637,4.354798245330537,4.354798245330537
12,2023292N13309,2023,35,1,71.25239497306046,59.56640825681829,145.4858648878086,187.65925545701663,5.729283891744983,7.388768589375233,0.9771115619081365,71.25239497306046,5.729283891744983,71.25239497306046,71.25239497306046,5.729283891744983,5.729283891744983
12,2023232N13300,2023,44,1,70.95620383256973,66.01514331663263,152.82105163175282,167.81022969985509,6.195293438273513,8.30423754675957,-0.9884106487682643,70.95620383256973,6.195293438273513,70.95620383256973,70.95620383256973,6.195293438273513,6.195293438273513
12,2020244N30279,2020,16,1,69.3901787295159,71.62914008880907,112.89337400804021,122.91879682206849,3.8466480843707975,4.37295026814268,3.536638690686024,69.3901787295159,3.8466480843707975,69.3901787295159,69.3901787295159,3.8466480843707975,3.8466480843707975
12,2020234N14280,2020,10,1,69.35462563374506,68.0499289807972,100.18463780214691,100.87067711380287,7.022003975042796,9.63804209943004,3.8659844454276446,69.35462563374506,7.022003975042796,69.35462563374506,69.35462563374506,7.022003975042796,7.022003975042796
12,2025261N19312,2025,26,1,69.0408125790612,63.42675808608658,117.55536420240347,122.15357770940291,5.2531579085844555,8.207647922739318,-3.986503849308352,69.0408125790612,5.2531579085844555,69.0408125790612,69.0408125790612,5.2531579085844555,5.2531579085844555
12,2020279N16284,2020,18,1,66.7652471587554,69.03600645692003,94.79141212384025,105.57910338535332,9.448009127476805,13.53190369351151,-2.927577964950071,66.7652471587554,9.448009127476805,66.7652471587554,66.7652471587554,9.448009127476805,9.448009127476805
12,2023193N37305,2023,35,1,66.24613557063238,60.53478944703771,111.73621043898903,132.29752625535593,4.8193466769904845,6.303878183265039,1.192999022465605,66.24613557063238,4.8193466769904845,66.24613557063238,66.24613557063238,4.8193466769904845,4.8193466769904845
12,2022266N12294,2022,25,1,66.06178051039534,59.234767008220324,126.38292891272977,134.79304345098276,12.11877614029825,17.70071908939241,-1.9118451763055107,66.06178051039534,12.11877614029825,66.06178051039534,66.06178051039534,12.11877614029825,12.11877614029825
12,2025294N14290,2025,35,1,66.04588245986328,45.943268660904955,130.7966930950487,172.17727022787778,9.338112571636458,13.597435571645043,-2.101313797910026,66.04588245986328,9.338112571636458,66.04588245986328,66.04588245986328,9.338112571636458,9.338112571636458
12,2021256N21265,2021,7,1,65.77868578394744,54.9747797560763,108.52460728924797,114.96484014122137,9.562541523744146,13.439400107618978,-5.840249103196215,65.77868578394744,9.562541523744146,65.77868578394744,65.77868578394744,9.562541523744146,9.562541523744146
12,2020211N13306,2020,18,1,63.593302785614455,48.42584004015734,141.55070385812732,152.8534928973927,9.05766541850391,10.704313143059371,2.6908719800398764,63.593302785614455,9.05766541850391,63.593302785614455,63.593302785614455,9.05766541850391,9.05766541850391
12,2025280N11319,2025,12,1,62.3780216869408,59.90942479948042,100.01619166476716,113.2138602388996,4.667024891030153,5.816443347112864,2.6979687815383007,62.3780216869408,4.667024891030153,62.3780216869408,62.3780216869408,4.667024891030153,4.667024891030153
12,2022257N16312,2022,33,1,61.659046900472276,44.69409730650905,105.81825574944476,128.84432372951264,6.600973979283429,8.178734714257287,-3.4502014822570004,61.659046900472276,6.600973979283429,61.659046900472276,61.659046900472276,6.600973979283429,6.600973979283429
12,2024269N39302,2024,12,1,61.18856779579031,43.30078705421086,144.28706599946773,155.11254875513677,5.922572776115743,7.655317187607576,-4.5627228859216045,61.18856779579031,5.922572776115743,61.18856779579031,61.18856779579031,5.922572776115743,5.922572776115743
12,2024309N13283,2024,18,1,60.88855574016155,57.92254444429134,96.86062839669907,104.87439965638984,7.616302493748021,11.16903782115672,3.8051908368992367,60.88855574016155,7.616302493748021,60.88855574016155,60.88855574016155,7.616302493748021,7.616302493748021
12,2021222N14301,2021,10,1,60.83219933562797,54.97378025582145,93.97757229997409,112.77590915556486,6.189978876330071,7.899201993557043,4.249578159993648,60.83219933562797,6.189978876330071,60.83219933562797,60.83219933562797,6.189978876330071,6.189978876330071
12,2020245N16285,2020,5,1,59.911754165399614,54.87260627271006,89.44211975228733,91.42259335669088,18.12546757083377,22.087412002930606,7.364059944801457,59.911754165399614,18.12546757083377,59.911754165399614,59.911754165399614,18.12546757083377,18.12546757083377
12,2021182N09317,2021,30,1,59.25094238597112,52.17524609766538,122.39988382413405,124.41493866711468,7.138655460291386,8.724673146764607,2.76352480504064,59.25094238597112,7.138655460291386,59.25094238597112,59.25094238597112,7.138655460291386,7.138655460291386
12,2020314N28313,2020,16,1,59.20868615965876,50.33375470706811,102.8152729539265,144.02637156786272,2.7340920190734517,3.4350517185047678,-0.47861875465117376,59.20868615965876,2.7340920190734517,59.20868615965876,59.20868615965876,2.7340920190734517,2.7340920190734517
12,2020224N11326,2020,16,1,59.17404725482322,52.03529249846375,127.38113085234926,133.13967174442882,5.121790928491131,6.362578092140526,0.6520684773113608,59.17404725482322,5.121790928491131,59.17404725482322,59.17404725482322,5.121790928491131,5.121790928491131
12,2021262N10333,2021,8,1,58.50472367370467,58.970939447951835,93.26760637330804,97.31023284837664,7.370726212411655,10.48070572442176,2.3218692670424153,58.50472367370467,7.370726212411655,58.50472367370467,58.50472367370467,7.370726212411655,7.370726212411655
12,2024225N14313,2024,26,1,58.39368011035734,56.666953873191815,97.70899572224539,106.793184246967,5.09370173509596,6.008816767185723,-0.2457881096296583,58.39368011035734,5.09370173509596,58.39368011035734,58.39368011035734,5.09370173509596,5.09370173509596
12,2023231N15313,2023,16,1,58.27509139222596,46.44497117670541,110.63151215116785,127.43281391612376,4.070950788914395,5.098339477455013,1.7730681829733672,58.27509139222596,4.070950788914395,58.27509139222596,58.27509139222596,4.070950788914395,4.070950788914395
12,2025268N19306,2025,22,1,58.04688611013109,48.45537359405644,102.37651889994757,134.66801687024477,9.702282460369261,11.54301192859722,-2.96042589165296,58.04688611013109,9.702282460369261,58.04688611013109,58.04688611013109,9.702282460369261,9.702282460369261
12,2025185N30280,2025,5,1,57.422212091165854,43.61902977076682,90.03608586743539,95.69666109894186,10.65485937921097,14.331277570140136,7.583218568955379,57.422212091165854,10.65485937921097,57.422212091165854,57.422212091165854,10.65485937921097,10.65485937921097
12,2021225N15313,2021,28,1,56.59745660313833,52.030714095781356,94.57589913376395,107.72651633891282,8.692618524889427,11.47125109119225,-2.2661609910344778,56.59745660313833,8.692618524889427,56.59745660313833,56.59745660313833,8.692618524889427,8.692618524889427
12,2024271N17319,2024,9,1,56.530977663911834,41.87808002960443,133.22641568163107,148.0647130779482,4.238603990902673,4.797131601009926,1.4340663003109704,56.530977663911834,4.238603990902673,56.530977663911834,56.530977663911834,4.238603990902673,4.238603990902673
12,2023258N14318,2023,22,1,56.411226373067095,56.35106354571815,100.41127832933617,113.81230405179633,4.5625415159304845,5.296737897812637,0.22336474240876472,56.411226373067095,4.5625415159304845,56.411226373067095,56.411226373067095,4.5625415159304845,4.5625415159304845
12,2020251N17319,2020,33,1,56.29680044861779,44.83046143916536,106.5006699009332,120.8585913792134,3.8110280456345382,4.615246487161506,-0.22594649583767146,56.29680044861779,3.8110280456345382,56.29680044861779,56.29680044861779,3.8110280456345382,3.8110280456345382
12,2024256N16332,2024,18,1,55.32132673582519,53.331626169567606,88.68763695337277,97.27428679559958,2.51492480224889,2.88705063045025,-0.37674409991860575,55.32132673582519,2.51492480224889,55.32132673582519,55.32132673582519,2.51492480224889,2.51492480224889
12,2023266N16323,2023,47,1,55.10716305693022,50.21504852108174,98.86930831298156,105.80388380879883,4.146433115941896,4.912720513275984,0.6056072533688195,55.10716305693022,4.146433115941896,55.10716305693022,55.10716305693022,4.146433115941896,4.146433115941896
12,2021239N17281,2021,18,1,54.51781766795609,50.340413883474824,86.32118907847658,96.90297587837877,10.155581859045204,13.894998966847625,-4.064790621856158,54.51781766795609,10.155581859045204,54.51781766795609,54.51781766795609,10.155581859045204,10.155581859045204
12,2024274N14328,2024,25,1,54.16305874292202,47.32378741782096,92.46037363402289,114.47712580878989,7.436364502290768,8.940851618504203,-2.5598310081174733,54.16305874292202,7.436364502290768,54.16305874292202,54.16305874292202,7.436364502290768,7.436364502290768
12,2021240N13313,2021,12,1,54.10428670122325,49.51146426046242,85.79757180863649,86.3201507860275,3.8105996483925804,5.127207593793425,0.6334302961716135,54.10428670122325,3.8105996483925804,54.10428670122325,54.10428670122325,3.8105996483925804,3.8105996483925804
12,2020233N14313,2020,31,1,53.066812308632294,46.85745072767578,95.05261841439449,128.95024040726116,8.514966576331124,11.294538867423897,-5.0481159376121205,53.066812308632294,8.514966576331124,53.066812308632294,53.066812308632294,8.514966576331124,8.514966576331124
12,2023251N16334,2023,32,1,52.740904136804566,54.55930544562286,76.4255297994157,82.15868552239192,4.384530892978195,5.108938635733513,-0.6118215015674997,52.740904136804566,4.384530892978195,52.740904136804566,52.740904136804566,4.384530892978195,4.384530892978195
12,2021165N32282,2021,1,1,52.15773722407557,52.15773722407557,52.15773722407557,52.15773722407557,12.930481984687646,12.930481984687646,12.930481984687646,52.15773722407557,12.930481984687646,52.15773722407557,52.15773722407557,12.930481984687646,12.930481984687646
12,2025236N27298,2025,10,1,51.68826082238265,38.584817874216604,94.28002552396413,95.6461904635016,6.25280124129415,7.30977272913694,0.25539824268463107,51.68826082238265,6.25280124129415,51.68826082238265,51.68826082238265,6.25280124129415,6.25280124129415
12,2021266N10327,2021,44,1,51.63164894004778,41.593136144439526,89.39983281742263,104.03521642401068,7.974317363096731,9.777934481419713,-5.053828157262284,51.63164894004778,7.974317363096731,51.63164894004778,51.63164894004778,7.974317363096731,7.974317363096731
12,2025215N33284,2025,7,1,51.54567264956525,47.62873940515604,64.68297013385275,70.82978187722284,4.8376699371673135,5.619915803304799,-1.4436909885170945,51.54567264956525,4.8376699371673135,51.54567264956525,51.54567264956525,4.8376699371673135,4.8376699371673135
12,2021272N07338,2021,14,1,51.14995472710234,43.832003109957455,82.00071637444988,109.03786647776137,5.272879034012755,6.579266984175386,2.357243321026349,51.14995472710234,5.272879034012755,51.14995472710234,51.14995472710234,5.272879034012755,5.272879034012755
12,2022304N16287,2022,14,1,51.07985516230259,45.62250904482722,88.05212315025976,111.86237117329384,9.875167037176624,13.684403680753507,4.858121827551612,51.07985516230259,9.875167037176624,51.07985516230259,51.07985516230259,9.875167037176624,9.875167037176624
12,2020261N10335,2020,8,1,51.04886780592464,48.99260364479742,67.7741223597419,78.47307961783248,2.257299637705095,2.921053035363363,1.6144669871085129,51.04886780592464,2.257299637705095,51.04886780592464,51.04886780592464,2.257299637705095,2.257299637705095
12,2024181N09320,2024,38,1,50.75226257248728,50.137197699281984,79.34442347557749,93.92002813578107,11.602812660432159,14.975184996062534,2.6306015745466818,50.75226257248728,11.602812660432159,50.75226257248728,50.75226257248728,11.602812660432159,11.602812660432159
12,2023242N15339,2023,8,1,50.50344643490034,51.551639091499055,70.18476592771667,80.82207378149127,7.1563569936666624,8.390355687924195,1.875454939155222,50.50344643490034,7.1563569936666624,50.50344643490034,50.50344643490034,7.1563569936666624,7.1563569936666624
12,2025223N17337,2025,41,1,50.0761851116517,41.4161419469549,88.38175118057435,114.4782833788366,7.3034652969304155,11.454266874254612,-1.0171673787666533,50.0761851116517,7.3034652969304155,50.0761851116517,50.0761851116517,7.3034652969304155,7.3034652969304155
12,2023173N10320,2023,11,1,49.7109225752791,48.6272560665475,79.84192669004747,79.87275554259557,4.1413416814629525,4.653160522921197,2.057419069847046,49.7109225752791,4.1413416814629525,49.7109225752791,49.7109225752791,4.1413416814629525,4.1413416814629525
12,2020318N16289,2020,15,1,48.82537780778181,33.99479779479923,104.27425390686473,129.99760682191516,19.819800723948145,23.00309312637763,-4.059979114355454,48.82537780778181,19.819800723948145,48.82537780778181,48.82537780778181,19.819800723948145,19.819800723948145
12,2023284N10330,2023,13,1,48.16266375662046,40.13933125810024,91.00699349907562,100.6826165536016,3.83879590318719,4.602461493012224,-0.3081571824819964,48.16266375662046,3.83879590318719,48.16266375662046,48.16266375662046,3.83879590318719,3.83879590318719
12,2024275N10336,2024,35,1,48.05091238048432,42.20890919443914,110.17531654688563,115.64584425239036,5.4782460611909025,7.0654818462353886,0.649977308695642,48.05091238048432,5.4782460611909025,48.05091238048432,48.05091238048432,5.4782460611909025,5.4782460611909025
12,2020258N18332,2020,10,1,47.856940306471834,41.77185656292801,89.33027649226948,90.31265662997095,3.719052498424589,4.840845695221221,1.8972896505659869,47.856940306471834,3.719052498424589,47.856940306471834,47.856940306471834,3.719052498424589,3.719052498424589
12,2020205N26272,2020,10,1,47.39796396398297,39.795037869897314,76.82421257561268,89.8468932512572,10.372284795201452,11.458911574381597,-9.21505413031917,47.39796396398297,10.372284795201452,47.39796396398297,47.39796396398297,10.372284795201452,10.372284795201452
12,2020251N15342,2020,24,1,45.93779551827215,35.595301396803556,90.77969163237468,111.80628816197869,3.5211853513049163,4.355566439462023,1.4576851151276873,45.93779551827215,3.5211853513049163,45.93779551827215,45.93779551827215,3.5211853513049163,3.5211853513049163
12,2020174N39293,2020,1,1,45.68410341514415,45.68410341514415,45.68410341514415,45.68410341514415,9.705728907715184,9.705728907715184,9.705728907715184,45.68410341514415,9.705728907715184,45.68410341514415,45.68410341514415,9.705728907715184,9.705728907715184
12,2020256N25281,2020,17,1,44.80515444548697,44.96795556364983,60.73675885720447,69.53605139643699,13.660858945778786,17.48631336517881,0.47267868603417396,44.80515444548697,13.660858945778786,44.80515444548697,44.80515444548697,13.660858945778786,13.660858945778786
12,2021244N12339,2021,37,1,43.42080783695287,41.400192389322534,90.78074490675961,99.6489394897493,4.467633114527408,5.534692088090608,1.6166160942282335,43.42080783695287,4.467633114527408,43.42080783695287,43.42080783695287,4.467633114527408,4.467633114527408
12,2020203N09323,2020,11,1,43.28313579638488,41.72772599057621,58.81053608567906,86.46464983515494,5.660865571693849,6.860650892671362,3.3908875806257317,43.28313579638488,5.660865571693849,43.28313579638488,43.28313579638488,5.660865571693849,5.660865571693849
12,2022244N38313,2022,23,1,40.21269305726791,40.9243014221188,58.319027736584594,65.12311281609728,5.000264858223562,6.445193500547651,-2.7982107978943827,40.21269305726791,5.000264858223562,40.21269305726791,40.21269305726791,5.000264858223562,5.000264858223562
12,2021262N16307,2021,10,1,39.18946306228692,39.7819285918709,60.170472436102436,62.938202666033085,2.501370318988763,3.5264644772954044,1.8906408045980438,39.18946306228692,2.501370318988763,39.18946306228692,39.18946306228692,2.501370318988763,2.501370318988763
12,2023249N12320,2023,37,1,38.437586581045764,32.56909028104679,68.20184607706065,75.49906859595333,6.563454530547388,10.395412006377144,-0.711992550944404,38.437586581045764,6.563454530547388,38.437586581045764,38.437586581045764,6.563454530547388,6.563454530547388
12,2023170N11323,2023,16,1,37.949649178739335,37.80394042347079,58.76087570720375,68.8643924400549,3.7946529332740195,4.591835552458334,0.837740909558629,37.949649178739335,3.7946529332740195,37.949649178739335,37.949649178739335,3.7946529332740195,3.7946529332740195
12,2022280N11294,2022,6,1,35.26513968937484,37.15992661635429,49.04896574094144,50.732135396693295,11.633068081124852,15.985749384296202,1.1480330506160037,35.26513968937484,11.633068081124852,35.26513968937484,35.26513968937484,11.633068081124852,11.633068081124852
12,2021241N32308,2021,1,1,30.54315464636861,30.54315464636861,30.54315464636861,30.54315464636861,6.938480662978876,6.938480662978876,6.938480662978876,30.54315464636861,6.938480662978876,30.54315464636861,30.54315464636861,6.938480662978876,6.938480662978876
12,2025180N19266,2025,1,1,24.81420704341328,24.81420704341328,24.81420704341328,24.81420704341328,21.927270542743898,21.927270542743898,21.927270542743898,24.81420704341328,21.927270542743898,24.81420704341328,24.81420704341328,21.927270542743898,21.927270542743898
24,2020186N30289,2020,2,1,445.3097056900526,445.3097056900526,523.5247164054188,533.3015927448395,1.3426310074119598,1.8583417872532793,-1.2848253485153762,445.3097056900526,1.3426310074119598,445.3097056900526,445.3097056900526,1.3426310074119598,1.3426310074119598
24,2025286N14320,2025,2,1,388.12281803304245,388.12281803304245,446.8258817015301,454.16376466009103,9.501597191155856,11.1218219560725,5.780534096395893,388.12281803304245,9.501597191155856,388.12281803304245,388.12281803304245,9.501597191155856,9.501597191155856
24,2024268N17278,2024,5,1,371.0526371722197,407.16425728385286,512.0678184347254,517.8520683504169,22.789216586424693,27.686111682264393,-10.95590718361951,371.0526371722197,22.789216586424693,371.0526371722197,371.0526371722197,22.789216586424693,22.789216586424693
24,2020299N18277,2020,13,1,305.53357203037217,249.4950184999356,613.1783018949085,679.1293626646802,16.138805740643132,19.116462699993125,4.711766645562172,305.53357203037217,16.138805740643132,305.53357203037217,305.53357203037217,16.138805740643132,16.138805740643132
24,2022263N29314,2022,14,1,261.7116152308939,282.9678427192208,375.1881580542778,400.0171170292389,6.259257962252759,7.573742533230958,-0.9408163930545348,261.7116152308939,6.259257962252759,261.7116152308939,261.7116152308939,6.259257962252759,6.259257962252759
24,2021299N33284,2021,24,1,255.33023960590978,235.31051820316662,411.27883337720004,413.2545751317036,5.923380011229505,8.151449423142894,3.942251118812918,255.33023960590978,5.923380011229505,255.33023960590978,255.33023960590978,5.923380011229505,5.923380011229505
24,2020306N15288,2020,31,1,253.58433353323457,231.6286409398549,438.3807230587282,445.2450365553317,19.63657186488069,27.39743351193793,-0.06016551383116312,253.58433353323457,19.63657186488069,253.58433353323457,253.58433353323457,19.63657186488069,19.63657186488069
24,2022285N19266,2022,6,1,251.75356899082115,269.1851346393296,354.0221300224356,363.44746057412937,11.530528074389752,13.210573774893815,11.030018238569534,251.75356899082115,11.530528074389752,251.75356899082115,251.75356899082115,11.530528074389752,11.530528074389752
24,2021227N36297,2021,24,1,242.0998669826021,153.42590644918778,545.4993575589707,670.1794664130442,9.394337357518571,11.821231095959174,3.943876912838791,242.0998669826021,9.394337357518571,242.0998669826021,242.0998669826021,9.394337357518571,9.394337357518571
24,2021169N23268,2021,5,1,237.0063633259952,162.8115516019982,371.7484667001415,379.3349769885329,5.591653932496637,6.660507720954251,-5.292030853525278,237.0063633259952,5.591653932496637,237.0063633259952,237.0063633259952,5.591653932496637,5.591653932496637
24,2022311N21293,2022,10,1,235.99700579327524,215.85149065781164,330.8481233060946,428.9639354220408,16.79748176683172,22.741996721022627,13.83029393180143,235.99700579327524,16.79748176683172,235.99700579327524,235.99700579327524,16.79748176683172,16.79748176683172
24,2025270N21285,2025,10,1,230.31850514006936,236.61585702311902,308.09583873978573,333.2439801755893,8.054744473056214,9.297014401880018,-7.890829169724952,230.31850514006936,8.054744473056214,230.31850514006936,230.31850514006936,8.054744473056214,8.054744473056214
24,2020291N32305,2020,20,1,223.18373601639263,200.6211403672924,430.1571567553108,475.0261436730659,11.14390168494432,15.12742245388755,-0.6876213348750628,223.18373601639263,11.14390168494432,223.18373601639263,223.18373601639263,11.14390168494432,11.14390168494432
24,2020276N17277,2020,10,1,221.876186832436,201.49473313802366,310.0229061805727,338.6585078841191,13.807363531420282,15.989948688214518,13.18267312423759,221.876186832436,13.807363531420282,221.876186832436,221.876186832436,13.807363531420282,13.807363531420282
24,2023239N21274,2023,12,1,220.95989171454383,206.43974920445382,280.27973018785866,312.22446222233253,8.679806938197464,12.004942898749611,-5.250699190073332,220.95989171454383,8.679806938197464,220.95989171454383,220.95989171454383,8.679806938197464,8.679806938197464
24,2023241N28308,2023,8,1,214.99818905608424,217.02576100740487,324.62612731998,345.01907665131745,8.720357609424639,9.75929287775838,-4.001299263684642,214.99818905608424,8.720357609424639,214.99818905608424,214.99818905608424,8.720357609424639,8.720357609424639
24,2020154N19269,2020,25,1,204.46140608856894,177.98438891540098,353.02567822828064,368.36338625411616,10.395883575206845,12.649953056707401,2.1640907275835124,204.46140608856894,10.395883575206845,204.46140608856894,204.46140608856894,10.395883575206845,10.395883575206845
24,2024269N39302,2024,10,1,202.42190461579153,167.02255050154048,366.50353072660664,380.5951788596517,9.844415245320155,13.039604968829257,-7.5213109168133006,202.42190461579153,9.844415245320155,202.42190461579153,202.42190461579153,9.844415245320155,9.844415245320155
24,2020256N11329,2020,36,1,198.61609706746856,143.19587780145338,452.8673784219869,612.2685506533169,9.396912295923535,12.829618144749897,-5.8350561172765545,198.61609706746856,9.396912295923535,198.61609706746856,198.61609706746856,9.396912295923535,9.396912295923535
24,2021222N14301,2021,6,1,184.14616936730496,185.73586352666518,255.2757823176296,267.57480449945683,10.853768169332783,14.450111938475214,8.138543523274087,184.14616936730496,10.853768169332783,184.14616936730496,184.14616936730496,10.853768169332783,10.853768169332783
24,2023193N37305,2023,33,1,183.86731812526594,178.48105989063885,289.7543303592666,302.0705999814431,8.363103953424446,10.192784100809812,4.603946407453782,183.86731812526594,8.363103953424446,183.86731812526594,183.86731812526594,8.363103953424446,8.363103953424446
24,2023292N13309,2023,33,1,181.51454284416863,162.13804084789575,356.12180498707795,429.50859702481654,9.73824556834962,11.703421797712421,2.2256840250670926,181.51454284416863,9.73824556834962,181.51454284416863,181.51454284416863,9.73824556834962,9.73824556834962
24,2020138N28281,2020,3,1,180.85649065931344,197.81409402610853,198.6085859315678,198.7078974197502,7.169118383730843,8.457932343683758,-7.169118383730843,180.85649065931344,7.169118383730843,180.85649065931344,180.85649065931344,7.169118383730843,7.169118383730843
24,2021256N21265,2021,5,1,180.45634279792665,173.79153571239334,239.06529608248243,249.97450860735842,8.064564454234244,12.895715626898978,-6.53609011881488,180.45634279792665,8.064564454234244,180.45634279792665,180.45634279792665,8.064564454234244,8.064564454234244
24,2024293N21294,2024,7,1,178.40099802536534,184.5140046122591,254.72761896923913,260.1522692646434,22.151743887223574,25.239147318189115,22.151743887223574,178.40099802536534,22.151743887223574,178.40099802536534,178.40099802536534,22.151743887223574,22.151743887223574
24,2024279N21265,2024,13,1,177.1095526747974,180.52083843544665,263.44196055459975,297.72780024906797,42.83401613304504,49.769417947741324,-41.913473121103614,177.1095526747974,42.83401613304504,177.1095526747974,177.1095526747974,42.83401613304504,42.83401613304504
24,2023271N16316,2023,6,1,176.90143512033956,209.9170351459288,237.8304500923939,247.41536244963513,6.008848394673486,7.1872173293462245,6.008848394673486,176.90143512033956,6.008848394673486,176.90143512033956,176.90143512033956,6.008848394673486,6.008848394673486
24,2025261N19312,2025,24,1,174.66109970871705,174.84648182150983,280.35626241233575,287.3562369265002,11.120772858957865,15.372549777859696,-10.043794960217593,174.66109970871705,11.120772858957865,174.66109970871705,174.66109970871705,11.120772858957865,11.120772858957865
24,2023232N13300,2023,42,1,166.13875006778193,161.9859005314217,320.349852312244,376.4183872853227,9.609796821429283,13.014485034974252,-3.1509157000621935,166.13875006778193,9.609796821429283,166.13875006778193,166.13875006778193,9.609796821429283,9.609796821429283
24,2025280N11319,2025,10,1,164.9151996957214,185.70409554620534,279.6122987735941,290.7911280236219,7.317855371489713,9.16621144566758,4.587358962694174,164.9151996957214,7.317855371489713,164.9151996957214,164.9151996957214,7.317855371489713,7.317855371489713
24,2020234N14280,2020,8,1,162.91657016293212,140.18338828762273,255.32530893965864,284.6320908862932,8.814926397923024,10.73873957004266,5.893170038569423,162.91657016293212,8.814926397923024,162.91657016293212,162.91657016293212,8.814926397923024,8.814926397923024
24,2020244N30279,2020,14,1,162.1118467490328,158.3628367941223,211.189719313908,239.75669211848555,9.483449271966348,9.992982515665423,9.483449271966348,162.1118467490328,9.483449271966348,162.1118467490328,162.1118467490328,9.483449271966348,9.483449271966348
24,2022266N12294,2022,23,1,161.42960803447565,150.092683260218,276.1922270095223,293.2248028931357,22.164787609447604,26.153475773773344,-15.274363269303075,161.42960803447565,22.164787609447604,161.42960803447565,161.42960803447565,22.164787609447604,22.164787609447604
24,2024216N20284,2024,16,1,160.47831710910577,159.12548609061128,259.39872643081867,274.63741179967707,9.62908508612974,11.664150508966236,-0.0449444819004019,160.47831710910577,9.62908508612974,160.47831710910577,160.47831710910577,9.62908508612974,9.62908508612974
24,2024225N14313,2024,24,1,157.83133720331466,147.77102890003178,223.4956239042113,264.4318376859472,7.802315528298702,10.451686774605413,-2.186697198132945,157.83133720331466,7.802315528298702,157.83133720331466,157.83133720331466,7.802315528298702,7.802315528298702
24,2020261N21265,2020,14,1,155.66965031344492,123.32193316468157,237.01520578242412,306.0703943615575,4.873762436524648,6.418794095667268,-2.783229119097579,155.66965031344492,4.873762436524648,155.66965031344492,155.66965031344492,4.873762436524648,4.873762436524648
24,2023251N16334,2023,30,1,151.50677306347416,150.57948304846082,202.96745726056758,237.1409801840503,6.271768578882389,7.539509137734288,-3.3832496076475214,151.50677306347416,6.271768578882389,151.50677306347416,151.50677306347416,6.271768578882389,6.271768578882389
24,2020279N16284,2020,16,1,150.1659568700077,151.44216547251568,215.11604815906605,233.6885876789891,16.388984387495967,20.417414343588444,-14.208075681729648,150.1659568700077,16.388984387495967,150.1659568700077,150.1659568700077,16.388984387495967,16.388984387495967
24,2020211N13306,2020,16,1,149.1416009546172,100.4332169468158,344.7113228528978,435.45588706676455,11.036509597708823,15.629808698569105,6.048714814419423,149.1416009546172,11.036509597708823,149.1416009546172,149.1416009546172,11.036509597708823,11.036509597708823
24,2024319N16282,2024,8,1,149.05980405803678,117.24637544753364,273.90885106925606,305.87394596240296,12.279005966856161,12.737363984999503,12.279005966856161,149.05980405803678,12.279005966856161,149.05980405803678,149.05980405803678,12.279005966856161,12.279005966856161
24,2025294N14290,2025,33,1,148.76208574415338,130.4520358782266,288.2770249006534,368.74847129581525,20.391388068909336,26.326094519946576,-7.989675175081182,148.76208574415338,20.391388068909336,148.76208574415338,148.76208574415338,20.391388068909336,20.391388068909336
24,2023231N15313,2023,12,1,146.3878542999596,115.17581187118736,283.6058996754985,345.5931034646077,10.285817727511057,11.12312306621883,8.284941888216084,146.3878542999596,10.285817727511057,146.3878542999596,146.3878542999596,10.285817727511057,10.285817727511057
24,2020251N17319,2020,30,1,143.5970058137774,147.0750529277013,231.32262163614567,293.08515491813307,4.524496445853483,5.723731653678749,-1.631725199627958,143.5970058137774,4.524496445853483,143.5970058137774,143.5970058137774,4.524496445853483,4.524496445853483
24,2023258N14318,2023,20,1,143.4670278480724,138.45024122096305,209.7338495391524,227.04513580723923,6.9722778098506994,9.56604478184843,-3.7294178400405813,143.4670278480724,6.9722778098506994,143.4670278480724,143.4670278480724,6.9722778098506994,6.9722778098506994
24,2024253N21266,2024,5,1,142.99530501164682,133.74800000511473,238.52133910275631,272.8230551905416,19.413925571539927,20.589961392997377,-5.044546859986445,142.99530501164682,19.413925571539927,142.99530501164682,142.99530501164682,19.413925571539927,19.413925571539927
24,2024256N16332,2024,16,1,142.95637531711765,152.5266720984426,205.78820411680437,227.68002368573778,4.672926028677019,5.782372952811027,1.3938799009149336,142.95637531711765,4.672926028677019,142.95637531711765,142.95637531711765,4.672926028677019,4.672926028677019
24,2021182N09317,2021,28,1,139.52986955494964,130.63109535558715,217.0857804596293,251.59873198228752,10.155951122573313,12.359246863229835,3.718343435903763,139.52986955494964,10.155951122573313,139.52986955494964,139.52986955494964,10.155951122573313,10.155951122573313
24,2023173N10320,2023,9,1,138.75438239914808,137.36627565195533,187.18808113194257,193.38907494118226,5.178216349339534,6.638417078785483,4.450466535052085,138.75438239914808,5.178216349339534,138.75438239914808,138.75438239914808,5.178216349339534,5.178216349339534
24,2022246N18301,2022,24,1,136.67102424292543,130.2428913401414,207.09950518741084,279.55778581087503,8.771163798772873,10.654101376829466,-2.993706864789672,136.67102424292543,8.771163798772873,136.67102424292543,136.67102424292543,8.771163798772873,8.771163798772873
24,2022244N38313,2022,21,1,135.65589405837824,116.7966704430797,230.43706300240666,230.46291242697797,9.697658152949137,11.547825575652514,-6.12225667883677,135.65589405837824,9.697658152949137,135.65589405837824,135.65589405837824,9.697658152949137,9.697658152949137
24,2021239N17281,2021,16,1,134.72716521743166,131.4641321036535,230.29719176475277,236.25362547238578,18.684850872581205,27.029970468575296,-13.206166255078445,134.72716521743166,18.684850872581205,134.72716521743166,134.72716521743166,18.684850872581205,18.684850872581205
24,2021266N10327,2021,42,1,133.7156800763425,113.43609004402742,258.46857994009406,396.74328034162306,13.618176897367624,15.874566249870112,-11.242777890322316,133.7156800763425,13.618176897367624,133.7156800763425,133.7156800763425,13.618176897367624,13.618176897367624
24,2023266N16323,2023,45,1,131.93081935953668,125.27036356308625,210.86924148623027,237.80544464706358,6.002790453045787,7.696704376199259,2.838233801149021,131.93081935953668,6.002790453045787,131.93081935953668,131.93081935953668,6.002790453045787,6.002790453045787
24,2025185N30280,2025,3,1,131.91438405932334,123.67302144721295,176.3726885985768,182.96014699249727,20.688628786505685,20.771311078652527,20.688628786505685,131.91438405932334,20.688628786505685,131.91438405932334,131.91438405932334,20.688628786505685,20.688628786505685
24,2022278N14331,2022,2,1,130.42547285381636,130.42547285381636,171.01012699776737,176.08320876576127,1.4487695597933943,1.5870609132910198,-0.6479422081576267,130.42547285381636,1.4487695597933943,130.42547285381636,130.42547285381636,1.4487695597933943,1.4487695597933943
24,2020205N26272,2020,8,1,129.25588698023319,121.03104543051711,179.4275840368778,206.80618090678144,19.52634883419339,22.634830273808145,-17.724738362988177,129.25588698023319,19.52634883419339,129.25588698023319,129.25588698023319,19.52634883419339,19.52634883419339
24,2020314N28313,2020,14,1,128.96787541662314,62.49891060034303,280.19712319306024,369.6020405613534,5.013315570871384,5.949086811652857,3.1905377300019144,128.96787541662314,5.013315570871384,128.96787541662314,128.96787541662314,5.013315570871384,5.013315570871384
24,2020261N10335,2020,6,1,128.46034465048697,134.9986719968793,167.80672954124145,169.96144434328755,4.108082243815461,4.434655433029221,4.108082243815461,128.46034465048697,4.108082243815461,128.46034465048697,128.46034465048697,4.108082243815461,4.108082243815461
24,2020233N14313,2020,29,1,123.51287333289791,112.18907626200817,231.53126487693345,255.82434400037107,12.988218721140298,19.49855392156892,-9.172114385147148,123.51287333289791,12.988218721140298,123.51287333289791,123.51287333289791,12.988218721140298,12.988218721140298
24,2024309N13283,2024,16,1,123.26202462048394,94.6915697902229,248.15597069204392,265.7735934237086,14.907231529075366,17.346590710307627,2.041958600492969,123.26202462048394,14.907231529075366,123.26202462048394,123.26202462048394,14.907231529075366,14.907231529075366
24,2021240N13313,2021,10,1,119.81226423826756,113.37880872457998,202.6159497439106,215.10116304024785,6.733130645390119,8.635679843354888,2.9934191685153086,119.81226423826756,6.733130645390119,119.81226423826756,119.81226423826756,6.733130645390119,6.733130645390119
24,2024274N14328,2024,23,1,119.10023479828011,120.10712908836199,223.21155996866798,239.45694001338924,11.75783697685124,16.855110589892508,-8.748828255452352,119.10023479828011,11.75783697685124,119.10023479828011,119.10023479828011,11.75783697685124,11.75783697685124
24,2023284N10330,2023,11,1,118.19815840015148,128.56385651571554,203.45759384540992,207.7449565002363,6.6827487869698645,7.753479400811492,-0.47357644108908564,118.19815840015148,6.6827487869698645,118.19815840015148,118.19815840015148,6.6827487869698645,6.6827487869698645
24,2023170N11323,2023,14,1,118.17828503809959,119.36250302370534,150.83591586691105,151.7997869471731,8.622769549159226,9.945501451980755,3.852947997866706,118.17828503809959,8.622769549159226,118.17828503809959,118.17828503809959,8.622769549159226,8.622769549159226
24,2021244N12339,2021,35,1,117.7917765451249,88.16959517356223,262.84029838874005,344.84183546953597,6.566847649852914,7.794052054079907,2.5034309700132042,117.7917765451249,6.566847649852914,117.7917765451249,117.7917765451249,6.566847649852914,6.566847649852914
24,2021262N10333,2021,6,1,117.79152457506284,127.70107317050253,153.12767488975632,162.55225290788283,11.001518972913459,14.047484736216594,3.528700870226119,117.79152457506284,11.001518972913459,117.79152457506284,117.79152457506284,11.001518972913459,11.001518972913459
24,2025268N19306,2025,20,1,117.41601522330805,106.28920270521817,164.92699314191103,184.28287018124226,18.82548661541153,23.04217629923648,-6.872756578794073,117.41601522330805,18.82548661541153,117.41601522330805,117.41601522330805,18.82548661541153,18.82548661541153
24,2025223N17337,2025,39,1,115.92444172743238,117.4503593722286,213.06004708853953,233.11150546790634,11.251230180728784,17.430382555686265,-3.4075008414770136,115.92444172743238,11.251230180728784,115.92444172743238,115.92444172743238,11.251230180728784,11.251230180728784
24,2022257N16312,2022,31,1,112.50104146680596,89.47670718719732,230.24707159480792,280.4531071553544,11.493036510081431,13.826116842671379,-7.657546283082513,112.50104146680596,11.493036510081431,112.50104146680596,112.50104146680596,11.493036510081431,11.493036510081431
24,2025236N27298,2025,8,1,112.05215738125568,92.74904348374491,186.46456571740714,195.21292254556846,10.229885208710918,12.218137117339934,4.556356461460473,112.05215738125568,10.229885208710918,112.05215738125568,112.05215738125568,10.229885208710918,10.229885208710918
24,2023242N15339,2023,6,1,110.45410890842959,108.04454288553214,147.35176868287925,155.57678980662587,14.849152679075472,16.3806230510859,6.5072989659651155,110.45410890842959,14.849152679075472,110.45410890842959,110.45410890842959,14.849152679075472,14.849152679075472
24,2021272N07338,2021,12,1,110.25037951366807,116.38686735647272,138.93254195477962,185.08564627806393,9.508927294224103,12.24385334983356,5.7886427862805006,110.25037951366807,9.508927294224103,110.25037951366807,110.25037951366807,9.508927294224103,9.508927294224103
24,2020245N16285,2020,3,1,109.57703734346683,119.0954397576806,136.61584819517927,138.8058992498666,13.993633169916349,14.84726160789046,6.1679096431061025,109.57703734346683,13.993633169916349,109.57703734346683,109.57703734346683,13.993633169916349,13.993633169916349
24,2021262N16307,2021,8,1,109.54574407511343,113.18051138284326,141.98286552662304,147.92965479863082,7.454127042139726,9.155855025074963,6.934506172918294,109.54574407511343,7.454127042139726,109.54574407511343,109.54574407511343,7.454127042139726,7.454127042139726
24,2020256N25281,2020,15,1,108.8747286127103,112.97368960832914,159.99699610801133,178.06557090380304,18.16656924826194,24.310168561726158,-5.662127057332108,108.8747286127103,18.16656924826194,108.8747286127103,108.8747286127103,18.16656924826194,18.16656924826194
24,2024275N10336,2024,33,1,108.07466544380831,89.56456731139306,200.3755606783373,291.68765353435134,10.853086793293803,14.000262562917998,-0.04612860974985937,108.07466544380831,10.853086793293803,108.07466544380831,108.07466544380831,10.853086793293803,10.853086793293803
24,2024271N17319,2024,7,1,107.74497625284275,42.9812634709633,228.41407292055587,235.39666822666265,6.472024997526532,7.6311025822241865,6.472024997526532,107.74497625284275,6.472024997526532,107.74497625284275,107.74497625284275,6.472024997526532,6.472024997526532
24,2024181N09320,2024,36,1,107.54476334848891,103.77545270599452,177.77235784978905,205.24724780897,17.420549865075937,22.247645873605506,3.935181867986328,107.54476334848891,17.420549865075937,107.54476334848891,107.54476334848891,17.420549865075937,17.420549865075937
24,2020224N11326,2020,14,1,107.03024365163083,113.89054672640299,168.40149183746203,198.91990520705605,7.042142708093131,8.833870212314828,1.063886588049595,107.03024365163083,7.042142708093131,107.03024365163083,107.03024365163083,7.042142708093131,7.042142708093131
24,2020318N16289,2020,13,1,106.59772717995403,112.28438670688108,162.20154635681095,202.2819924734267,34.79911983742041,39.14151748927364,-1.1911902110790415,106.59772717995403,34.79911983742041,106.59772717995403,106.59772717995403,34.79911983742041,34.79911983742041
24,2021225N15313,2021,26,1,105.81643106634722,87.80270349392916,179.4157461765384,218.29262788354833,13.249951660811918,17.9527570482408,-3.476237247479963,105.81643106634722,13.249951660811918,105.81643106634722,105.81643106634722,13.249951660811918,13.249951660811918
24,2020251N15342,2020,22,1,103.26655431617306,94.69501432428254,155.57103853282078,277.1870118237494,5.274030688966453,6.128903739282707,4.051824933796819,103.26655431617306,5.274030688966453,103.26655431617306,103.26655431617306,5.274030688966453,5.274030688966453
24,2020258N18332,2020,8,1,99.21077739026138,97.68304214666222,153.2078382528095,168.5749983714337,5.400795607042482,6.814719089976572,5.344190414356199,99.21077739026138,5.400795607042482,99.21077739026138,99.21077739026138,5.400795607042482,5.400795607042482
24,2020203N09323,2020,9,1,96.64095448123561,76.4164355928916,167.65392586439276,167.80210962032632,13.578223528651469,15.262516429414639,12.695680397848605,96.64095448123561,13.578223528651469,96.64095448123561,96.64095448123561,13.578223528651469,13.578223528651469
24,2024306N39319,2024,3,1,93.05330947972652,82.99933120459063,157.31298005388498,166.60218616004676,12.63693443101772,14.971197348968019,12.63693443101772,93.05330947972652,12.63693443101772,93.05330947972652,93.05330947972652,12.63693443101772,12.63693443101772
24,2022304N16287,2022,12,1,84.67974907668334,80.57758102007693,135.28443440676057,151.19841954461847,17.827067592315654,21.61972051597381,12.812089482332292,84.67974907668334,17.827067592315654,84.67974907668334,84.67974907668334,17.827067592315654,17.827067592315654
24,2023249N12320,2023,35,1,79.51157606518265,63.79219964735423,123.74558243260134,130.77031850571353,12.671338857330657,18.058921262162443,-2.73587389327408,79.51157606518265,12.671338857330657,79.51157606518265,79.51157606518265,12.671338857330657,12.671338857330657
24,2022280N11294,2022,4,1,60.813715531787395,61.27783749975082,88.25683984130865,91.07196726014341,13.447895569149978,15.528275847072296,-1.8840582538744002,60.813715531787395,13.447895569149978,60.813715531787395,60.813715531787395,13.447895569149978,13.447895569149978
24,2025215N33284,2025,5,1,56.35969411049732,60.05650893295568,67.2562192484497,67.3464346405515,8.769199113240415,9.456495399012397,-4.556037148485816,56.35969411049732,8.769199113240415,56.35969411049732,56.35969411049732,8.769199113240415,8.769199113240415
48,2024268N17278,2024,1,1,838.6741949551582,838.6741949551582,838.6741949551582,838.6741949551582,30.133030129359867,30.133030129359867,30.133030129359867,838.6741949551582,30.133030129359867,838.6741949551582,838.6741949551582,30.133030129359867,30.133030129359867
48,2020299N18277,2020,9,1,732.5619910632446,581.4942950889656,1194.3691519406416,1320.7536774951086,14.596716371980222,17.51453991503066,11.020846505165887,732.5619910632446,14.596716371980222,732.5619910632446,732.5619910632446,14.596716371980222,14.596716371980222
48,2022285N19266,2022,2,1,711.1934107694025,711.1934107694025,743.1602549730194,747.1561104984714,12.617008937077742,12.7706195169611,12.617008937077742,711.1934107694025,12.617008937077742,711.1934107694025,711.1934107694025,12.617008937077742,12.617008937077742
48,2022311N21293,2022,6,1,669.7624289568554,619.466588293799,900.1799270393025,993.4060299676835,31.301702308210764,35.245251186350515,28.902897724040916,669.7624289568554,31.301702308210764,669.7624289568554,669.7624289568554,31.301702308210764,31.301702308210764
48,2020306N15288,2020,27,1,631.4542057767335,529.185116828854,1141.5206675524475,1305.1837290178992,17.936474280984083,25.30744052685529,10.78655412139317,631.4542057767335,17.936474280984083,631.4542057767335,631.4542057767335,17.936474280984083,17.936474280984083
48,2021169N23268,2021,1,1,601.9152284965428,601.9152284965428,601.9152284965428,601.9152284965428,19.87043333300206,19.87043333300206,-19.87043333300206,601.9152284965428,19.87043333300206,601.9152284965428,601.9152284965428,19.87043333300206,19.87043333300206
48,2022263N29314,2022,10,1,587.9719309552304,630.9546105066029,799.5839888042949,809.3454412951262,7.436558792998409,8.282872259750183,7.165854646601536,587.9719309552304,7.436558792998409,587.9719309552304,587.9719309552304,7.436558792998409,7.436558792998409
48,2023193N37305,2023,29,1,555.112010058632,553.0406783683958,766.9508175569719,831.1391775658185,10.398497869083927,11.667883272170178,6.1708637573200145,555.112010058632,10.398497869083927,555.112010058632,555.112010058632,10.398497869083927,10.398497869083927
48,2021227N36297,2021,20,1,537.2776960045275,524.4213862120396,840.962495257123,853.4071995187215,12.33859035380604,16.728167350029043,9.331769700697945,537.2776960045275,12.33859035380604,537.2776960045275,537.2776960045275,12.33859035380604,12.33859035380604
48,2025270N21285,2025,6,1,537.0377259419128,577.2299025174817,826.983942013895,891.0801457227082,20.681797475435676,21.088691922954364,-20.681797475435676,537.0377259419128,20.681797475435676,537.0377259419128,537.0377259419128,20.681797475435676,20.681797475435676
48,2023271N16316,2023,2,1,528.2553268038463,528.2553268038463,539.1086274117062,540.4652899876886,16.53023501389112,16.616692194098373,16.53023501389112,528.2553268038463,16.53023501389112,528.2553268038463,528.2553268038463,16.53023501389112,16.53023501389112
48,2021299N33284,2021,20,1,528.0424138516648,495.6432845297512,814.403433811154,821.7405054183876,6.8285825618908715,8.272706009032763,6.479858421114924,528.0424138516648,6.8285825618908715,528.0424138516648,528.0424138516648,6.8285825618908715,6.8285825618908715
48,2023239N21274,2023,8,1,518.3857672288157,561.9263273212431,633.1672805369918,644.1170609791311,21.09484165229251,23.222606291679156,-9.10850342622491,518.3857672288157,21.09484165229251,518.3857672288157,518.3857672288157,21.09484165229251,21.09484165229251
48,2020276N17277,2020,6,1,512.8872482225612,444.5389828822242,737.9125378164038,764.3292360522689,28.961498631491164,29.92940618745527,28.961498631491164,512.8872482225612,28.961498631491164,512.8872482225612,512.8872482225612,28.961498631491164,28.961498631491164
48,2020291N32305,2020,16,1,512.0345762774027,410.9337253225222,898.9224095697939,1043.460079968257,11.482763406827033,13.901364357492708,2.7011259248325814,512.0345762774027,11.482763406827033,512.0345762774027,512.0345762774027,11.482763406827033,11.482763406827033
48,2023258N14318,2023,16,1,502.49417728202064,401.62685015245677,846.6032054967884,859.3390441041031,15.553488662893708,18.70778150162823,-6.794329133206938,502.49417728202064,15.553488662893708,502.49417728202064,502.49417728202064,15.553488662893708,15.553488662893708
48,2024225N14313,2024,20,1,497.1109005097063,481.51638783674184,872.2899812261999,905.9678720192322,10.213199460503466,11.852865681978532,-2.2714602755971063,497.1109005097063,10.213199460503466,497.1109005097063,497.1109005097063,10.213199460503466,10.213199460503466
48,2023173N10320,2023,5,1,493.13541777515513,491.59073306059685,552.3973546839303,560.1637657049338,16.26252562862326,17.641675114636634,16.26252562862326,493.13541777515513,16.26252562862326,493.13541777515513,493.13541777515513,16.26252562862326,16.26252562862326
48,2023241N28308,2023,4,1,476.4211186483169,476.0260691474405,710.234183351689,719.9320729358478,12.876487608379453,13.61396373528821,-12.876487608379453,476.4211186483169,12.876487608379453,476.4211186483169,476.4211186483169,12.876487608379453,12.876487608379453
48,2024253N21266,2024,1,1,471.23507471796034,471.23507471796034,471.23507471796034,471.23507471796034,12.205584914374683,12.205584914374683,12.205584914374683,471.23507471796034,12.205584914374683,471.23507471796034,471.23507471796034,12.205584914374683,12.205584914374683
48,2024293N21294,2024,3,1,464.1498572292162,450.455381964853,501.7075156375574,508.1140323466454,47.24085348531721,48.445216605685985,47.24085348531721,464.1498572292162,47.24085348531721,464.1498572292162,464.1498572292162,47.24085348531721,47.24085348531721
48,2023231N15313,2023,4,1,460.8460919678679,442.4999405272843,687.4772681499265,715.31635230497,9.558540962750232,9.864130239841032,9.558540962750232,460.8460919678679,9.558540962750232,460.8460919678679,460.8460919678679,9.558540962750232,9.558540962750232
48,2020261N21265,2020,10,1,448.3302411816111,378.6031175343297,796.900032343709,919.7869469158398,9.19262644776756,11.043354104615002,-5.815133991227256,448.3302411816111,9.19262644776756,448.3302411816111,448.3302411816111,9.19262644776756,9.19262644776756
48,2025294N14290,2025,29,1,442.7333875463561,413.28886550318225,786.1062257882313,838.8039656293685,32.06600652109809,38.75019764247654,-14.86109061608476,442.7333875463561,32.06600652109809,442.7333875463561,442.7333875463561,32.06600652109809,32.06600652109809
48,2020314N28313,2020,10,1,441.75351281225846,413.3934476453968,617.9569079540144,700.1695454352746,10.425698217090353,11.56345730856637,10.425698217090353,441.75351281225846,10.425698217090353,441.75351281225846,441.75351281225846,10.425698217090353,10.425698217090353
48,2025261N19312,2025,20,1,438.28649518668345,428.5793908693621,704.8529075040643,924.8669852678618,17.218244954732693,23.04902335285155,-17.021288189573788,438.28649518668345,17.218244954732693,438.28649518668345,438.28649518668345,17.218244954732693,17.218244954732693
48,2025280N11319,2025,6,1,430.15272524975944,370.8272053164906,672.3053243656373,692.5737126896884,18.233575660920494,19.379888315458572,18.233575660920494,430.15272524975944,18.233575660920494,430.15272524975944,430.15272524975944,18.233575660920494,18.233575660920494
48,2020244N30279,2020,10,1,423.5854908473484,377.1090029601538,572.9141771863511,691.4241613624075,13.91546843057013,14.458216091928033,13.91546843057013,423.5854908473484,13.91546843057013,423.5854908473484,423.5854908473484,13.91546843057013,13.91546843057013
48,2020205N26272,2020,4,1,421.7591293126521,396.42691136742224,528.2781847642517,554.967352950082,15.9869667057845,20.1347869436421,-14.119377993812119,421.7591293126521,15.9869667057845,421.7591293126521,421.7591293126521,15.9869667057845,15.9869667057845
48,2024269N39302,2024,6,1,419.84788577846575,388.3138700847044,548.9294784066367,583.3500055659322,10.582084653814547,13.694410573366465,-6.634574494144772,419.84788577846575,10.582084653814547,419.84788577846575,419.84788577846575,10.582084653814547,10.582084653814547
48,2020154N19269,2020,21,1,417.8920003419764,374.0906506789716,668.8819714544096,764.7202511468377,11.138956718938042,15.825926012881283,4.247235087873016,417.8920003419764,11.138956718938042,417.8920003419764,417.8920003419764,11.138956718938042,11.138956718938042
48,2024309N13283,2024,12,1,416.8009540478851,368.6126159245664,686.6385858731,714.1640666819469,11.452762868989097,13.900652116105764,-2.267281017413559,416.8009540478851,11.452762868989097,416.8009540478851,416.8009540478851,11.452762868989097,11.452762868989097
48,2020251N17319,2020,26,1,407.1319808330855,409.9482406776237,729.9718700924013,915.469569981092,4.66523249078003,5.993392543728936,-1.6845382813774306,407.1319808330855,4.66523249078003,407.1319808330855,407.1319808330855,4.66523249078003,4.66523249078003
48,2024256N16332,2024,12,1,406.7178969360889,404.07731757884255,494.95860224648237,501.62854245496976,9.53153018191623,12.128393596662692,9.029857507500848,406.7178969360889,9.53153018191623,406.7178969360889,406.7178969360889,9.53153018191623,9.53153018191623
48,2020279N16284,2020,12,1,404.8359818249616,465.77810381006213,623.94754090733,643.681919445193,19.983693456498273,24.66197359202782,-13.811544217763833,404.8359818249616,19.983693456498273,404.8359818249616,404.8359818249616,19.983693456498273,19.983693456498273
48,2024279N21265,2024,9,1,394.9182755983433,368.8848511650826,526.0709859941975,528.5080650550245,48.437494060408945,56.14923706297914,-48.380813495166805,394.9182755983433,48.437494060408945,394.9182755983433,394.9182755983433,48.437494060408945,48.437494060408945
48,2023292N13309,2023,29,1,393.3752828448722,310.9530804145279,720.7769960150639,968.8002542648502,12.488043181406441,14.291564138275525,6.713726424055864,393.3752828448722,12.488043181406441,393.3752828448722,393.3752828448722,12.488043181406441,12.488043181406441
48,2021262N10333,2021,2,1,390.22802321529934,390.22802321529934,434.8559166360223,440.4344033136127,2.3613531820288145,2.367283382753285,0.16745675257280368,390.22802321529934,2.3613531820288145,390.22802321529934,390.22802321529934,2.3613531820288145,2.3613531820288145
48,2023232N13300,2023,38,1,383.1405409376818,300.93721985041566,736.6708820725005,815.6124716591636,15.642721268603134,19.436899241717825,-9.229103110457881,383.1405409376818,15.642721268603134,383.1405409376818,383.1405409376818,15.642721268603134,15.642721268603134
48,2020233N14313,2020,25,1,374.7554028169962,352.70533809465957,609.7074491936705,623.4601472188424,20.415788340798798,29.288954170412048,-6.486085656471676,374.7554028169962,20.415788340798798,374.7554028169962,374.7554028169962,20.415788340798798,20.415788340798798
48,2024319N16282,2024,4,1,364.72199624846354,371.60354827766645,505.34269089893377,531.3381892772285,27.685090834431048,28.256896187845186,27.685090834431048,364.72199624846354,27.685090834431048,364.72199624846354,364.72199624846354,27.685090834431048,27.685090834431048
48,2023251N16334,2023,26,1,349.51581146776056,333.4903244935713,499.1833448402608,535.4356718632464,12.124978793245278,14.394763406595786,-4.885435400448409,349.51581146776056,12.124978793245278,349.51581146776056,349.51581146776056,12.124978793245278,12.124978793245278
48,2024216N20284,2024,12,1,338.9541410969334,365.6519310544172,427.57552649102826,462.5341222737847,4.536754110953343,5.58843530283381,-0.11934303422685133,338.9541410969334,4.536754110953343,338.9541410969334,338.9541410969334,4.536754110953343,4.536754110953343
48,2020256N11329,2020,32,1,336.4274586582075,290.200299651447,618.6371014273577,708.7738987831985,17.169993217413296,21.49403972102396,-12.381543738168022,336.4274586582075,17.169993217413296,336.4274586582075,336.4274586582075,17.169993217413296,17.169993217413296
48,2022266N12294,2022,19,1,336.10255695336053,290.7596654072756,610.9523461776029,648.6380494490272,28.66364560338969,35.506224448418955,-28.66364560338969,336.10255695336053,28.66364560338969,336.10255695336053,336.10255695336053,28.66364560338969,28.66364560338969
48,2021182N09317,2021,24,1,328.2703561147891,316.2036317736679,543.1650231759335,620.3595785169999,13.9481815618497,17.916134855221184,12.018419804734663,328.2703561147891,13.9481815618497,328.2703561147891,328.2703561147891,13.9481815618497,13.9481815618497
48,2023170N11323,2023,10,1,327.27941529540044,356.99961979666944,425.1413352959793,430.7628822928904,19.77238798731728,22.53467865815171,15.685740429093698,327.27941529540044,19.77238798731728,327.27941529540044,327.27941529540044,19.77238798731728,19.77238798731728
48,2024274N14328,2024,19,1,327.07688826246033,239.22233950874698,671.7985690334388,677.6284133324292,26.95838654558788,31.86770717343063,-18.10189304287845,327.07688826246033,26.95838654558788,327.07688826246033,327.07688826246033,26.95838654558788,26.95838654558788
48,2023266N16323,2023,41,1,325.62249165095903,317.96019543486636,496.49804191356765,578.2581858653217,11.847006612024954,13.561185863796108,10.678602945988501,325.62249165095903,11.847006612024954,325.62249165095903,325.62249165095903,11.847006612024954,11.847006612024954
48,2022244N38313,2022,17,1,306.8915659487432,255.51436918970018,533.0744843720346,553.7711807489155,9.290715945332732,12.835376127659629,-8.702681917038728,306.8915659487432,9.290715945332732,306.8915659487432,306.8915659487432,9.290715945332732,9.290715945332732
48,2021239N17281,2021,12,1,304.03324269439537,294.76717396997026,460.2438018376493,472.30852287076925,28.424251199307445,32.79443267981327,0.20703419511316964,304.03324269439537,28.424251199307445,304.03324269439537,304.03324269439537,28.424251199307445,28.424251199307445
48,2020258N18332,2020,4,1,300.2575307932391,292.72326294227065,376.4819691061662,393.6508305933627,12.020100194752132,13.262777025221588,12.020100194752132,300.2575307932391,12.020100194752132,300.2575307932391,300.2575307932391,12.020100194752132,12.020100194752132
48,2022246N18301,2022,20,1,299.0788056998139,242.02067963098202,569.3917781197168,764.6028236362014,6.153385857426537,8.749097137184048,-2.907033269007611,299.0788056998139,6.153385857426537,299.0788056998139,299.0788056998139,6.153385857426537,6.153385857426537
48,2025268N19306,2025,16,1,295.7869899763834,316.125160060078,447.71306398428806,496.7823237887159,33.03044531652257,38.61772367919453,-14.927525761693868,295.7869899763834,33.03044531652257,295.7869899763834,295.7869899763834,33.03044531652257,33.03044531652257
48,2021225N15313,2021,22,1,295.41736338209716,284.9147440175651,475.37988302214853,546.2046462691982,14.20599155730481,16.73739745309626,-3.3927893797536512,295.41736338209716,14.20599155730481,295.41736338209716,295.41736338209716,14.20599155730481,14.20599155730481
48,2021244N12339,2021,31,1,292.9620820123953,224.92615401433892,533.7078358315079,784.8504674436231,7.83821543202623,9.030861327122667,3.0033622566277653,292.9620820123953,7.83821543202623,292.9620820123953,292.9620820123953,7.83821543202623,7.83821543202623
48,2021266N10327,2021,38,1,289.7544777673355,285.1405816067327,457.168483316276,539.5069006327868,17.744443737673944,21.60792532226254,-15.532894463840574,289.7544777673355,17.744443737673944,289.7544777673355,289.7544777673355,17.744443737673944,17.744443737673944
48,2020203N09323,2020,5,1,278.8576297628646,213.54513466920616,415.05456441512615,422.26146917122463,34.53609196386258,35.05102392995888,34.53609196386258,278.8576297628646,34.53609196386258,278.8576297628646,278.8576297628646,34.53609196386258,34.53609196386258
48,2020211N13306,2020,12,1,273.30567927662736,204.84006752986704,582.9598100344132,666.6665010772264,17.377369375244452,20.424565366198177,13.037776852419483,273.30567927662736,17.377369375244452,273.30567927662736,273.30567927662736,17.377369375244452,17.377369375244452
48,2020234N14280,2020,4,1,272.5929972142739,277.31437403690904,381.48247923109756,399.9991474886446,11.675552443930634,12.304022861850514,11.675552443930634,272.5929972142739,11.675552443930634,272.5929972142739,272.5929972142739,11.675552443930634,11.675552443930634
48,2020224N11326,2020,10,1,263.01123183341326,252.96318380596261,372.04432531878354,429.78121481050914,7.016982233201835,9.543744337055852,6.356833249946768,263.01123183341326,7.016982233201835,263.01123183341326,263.01123183341326,7.016982233201835,7.016982233201835
48,2024271N17319,2024,3,1,261.82561981439613,232.479616129465,320.53251743834295,331.53913010195265,17.189290535261637,18.066021043585323,17.189290535261637,261.82561981439613,17.189290535261637,261.82561981439613,261.82561981439613,17.189290535261637,17.189290535261637
48,2024275N10336,2024,29,1,257.13103709564245,259.20187489264237,334.7711772140549,340.7290860959606,17.49019626588513,21.424554719369684,-1.5958921408861306,257.13103709564245,17.49019626588513,257.13103709564245,257.13103709564245,17.49019626588513,17.49019626588513
48,2021262N16307,2021,4,1,242.24847855892966,224.41231694055443,307.7474980527172,322.0041324209377,29.405425087290784,29.429954173252415,29.405425087290784,242.24847855892966,29.405425087290784,242.24847855892966,242.24847855892966,29.405425087290784,29.405425087290784
48,2025223N17337,2025,35,1,236.9982809523379,223.395188019407,371.2250478211075,389.60334103736517,15.017549793744973,20.350220696028334,-8.584843252760749,236.9982809523379,15.017549793744973,236.9982809523379,236.9982809523379,15.017549793744973,15.017549793744973
48,2021256N21265,2021,1,1,235.24796645862537,235.24796645862537,235.24796645862537,235.24796645862537,11.533282352597652,11.533282352597652,-11.533282352597652,235.24796645862537,11.533282352597652,235.24796645862537,235.24796645862537,11.533282352597652,11.533282352597652
48,2023242N15339,2023,2,1,232.9819565283503,232.9819565283503,235.33594881491962,235.63019785074079,6.036018683277273,6.558908815414942,-2.566274206715942,232.9819565283503,6.036018683277273,232.9819565283503,232.9819565283503,6.036018683277273,6.036018683277273
48,2022257N16312,2022,27,1,218.8347958289975,175.99295973191286,389.07661543421244,475.88968100003115,19.815126290861016,21.29201738531061,-14.74912213029646,218.8347958289975,19.815126290861016,218.8347958289975,218.8347958289975,19.815126290861016,19.815126290861016
48,2020256N25281,2020,11,1,217.47100106032977,185.61123215259533,300.70248590211804,364.4195144276598,22.379019278302405,25.13665582913578,-17.28002666452261,217.47100106032977,22.379019278302405,217.47100106032977,217.47100106032977,22.379019278302405,22.379019278302405
48,2023284N10330,2023,7,1,205.84010322876617,133.8683220537284,400.41237875601547,403.0090108175389,9.481705980599415,10.971923104636412,6.161381656963452,205.84010322876617,9.481705980599415,205.84010322876617,205.84010322876617,9.481705980599415,9.481705980599415
48,2024181N09320,2024,32,1,201.45972684826495,164.04907644495552,382.7014181364016,406.89225827298674,21.467916812225102,25.12004742586876,5.292342270344543,201.45972684826495,21.467916812225102,201.45972684826495,201.45972684826495,21.467916812225102,21.467916812225102
48,2021272N07338,2021,8,1,198.5540550818829,208.08478821221013,312.2837819745809,322.7000068076932,23.971715449254585,24.961967276475868,23.971715449254585,198.5540550818829,23.971715449254585,198.5540550818829,198.5540550818829,23.971715449254585,23.971715449254585
48,2020251N15342,2020,18,1,189.6047002523615,175.9922642259277,298.60595314117097,320.051434636025,12.853474652879072,13.952036145537512,12.63956670335917,189.6047002523615,12.853474652879072,189.6047002523615,189.6047002523615,12.853474652879072,12.853474652879072
48,2023249N12320,2023,31,1,189.41364461529218,178.23122077602306,324.19062989728764,359.55413417649936,13.2675524659175,17.5662802188547,-0.6397708196281721,189.41364461529218,13.2675524659175,189.41364461529218,189.41364461529218,13.2675524659175,13.2675524659175
48,2025236N27298,2025,4,1,174.04280804391465,179.11090893365233,255.02412354927264,258.53425090398616,13.874123582144893,14.12867324984765,13.874123582144893,174.04280804391465,13.874123582144893,174.04280804391465,174.04280804391465,13.874123582144893,13.874123582144893
48,2020318N16289,2020,9,1,171.4825539497302,115.93902251992283,400.51847995747164,462.6570545645589,48.70994699481824,52.3767338855975,4.632813965351547,171.4825539497302,48.70994699481824,171.4825539497302,171.4825539497302,48.70994699481824,48.70994699481824
48,2021240N13313,2021,6,1,158.8836986966446,150.2463326169319,221.52498045459487,241.42123258398794,10.44092770007312,13.12307764967724,10.420634943007085,158.8836986966446,10.44092770007312,158.8836986966446,158.8836986966446,10.44092770007312,10.44092770007312
48,2021222N14301,2021,2,1,120.74144095203047,120.74144095203047,135.46571675422564,137.30625122950002,3.3990154900643255,4.101367846205831,3.3990154900643255,120.74144095203047,3.3990154900643255,120.74144095203047,120.74144095203047,3.3990154900643255,3.3990154900643255
48,2022304N16287,2022,8,1,118.2023562349865,120.18680002736545,167.6858968738254,185.34360349234245,39.95447388144425,40.98284975310589,39.95447388144425,118.2023562349865,39.95447388144425,118.2023562349865,118.2023562349865,39.95447388144425,39.95447388144425
48,2020261N10335,2020,2,1,79.53472813230908,79.53472813230908,109.88632081713084,113.68026990273356,16.462726736275698,16.463689661263796,16.462726736275698,79.53472813230908,16.462726736275698,79.53472813230908,79.53472813230908,16.462726736275698,16.462726736275698
48,2025215N33284,2025,1,1,46.731837720691395,46.731837720691395,46.731837720691395,46.731837720691395,3.2472797074671433,3.2472797074671433,-3.2472797074671433,46.731837720691395,3.2472797074671433,46.731837720691395,46.731837720691395,3.2472797074671433,3.2472797074671433
